,EngDispl,NumCyl,Transmission,FE,AirAspirationMethod,NumGears,TransLockup,TransCreeperGear,DriveDesc,IntakeValvePerCyl,ExhaustValvesPerCyl,CarlineClassDesc,VarValveTiming,VarValveLift
0,4.7,8,AM6,28.0198,NaturallyAspirated,6,1,0,TwoWheelDriveRear,2,2,2Seaters,1,0
1,4.7,8,M6,25.6094,NaturallyAspirated,6,1,0,TwoWheelDriveRear,2,2,2Seaters,1,0
2,4.2,8,M6,26.8,NaturallyAspirated,6,1,0,AllWheelDrive,2,2,2Seaters,1,0
3,4.2,8,AM6,25.0451,NaturallyAspirated,6,1,0,AllWheelDrive,2,2,2Seaters,1,0
4,5.2,10,AM6,24.8,NaturallyAspirated,6,0,0,AllWheelDrive,2,2,2Seaters,1,0
5,5.2,10,M6,23.9,NaturallyAspirated,6,0,0,AllWheelDrive,2,2,2Seaters,1,0
6,2.0,4,S6,39.7256,Turbocharged,6,0,0,AllWheelDrive,2,2,2Seaters,1,0
7,6.0,12,S6,24.4,Turbocharged,6,0,0,AllWheelDrive,2,2,2Seaters,1,0
8,3.0,6,S6,39.7103,NaturallyAspirated,6,1,0,TwoWheelDriveRear,2,2,2Seaters,1,1
9,3.0,6,M6,38.7896,NaturallyAspirated,6,0,0,TwoWheelDriveRear,2,2,2Seaters,1,1
10,3.0,6,S7,33.6296,Turbocharged,7,1,0,TwoWheelDriveRear,2,2,2Seaters,1,0
11,3.0,6,M6,35.2678,Turbocharged,6,0,0,TwoWheelDriveRear,2,2,2Seaters,1,0
12,8.0,16,S7,17.8,Turbocharged,7,0,0,AllWheelDrive,2,2,2Seaters,1,0
13,6.2,8,M6,27.1,Supercharged,6,0,0,TwoWheelDriveRear,1,1,2Seaters,0,0
14,6.2,8,S6,34.3493,NaturallyAspirated,6,1,0,TwoWheelDriveRear,1,1,2Seaters,0,0
15,6.2,8,M6,35.8,NaturallyAspirated,6,0,0,TwoWheelDriveRear,1,1,2Seaters,0,0
16,7.0,8,M6,33.7,NaturallyAspirated,6,0,0,TwoWheelDriveRear,1,1,2Seaters,0,0
17,8.4,10,M6,30.0,NaturallyAspirated,6,0,0,TwoWheelDriveRear,1,1,2Seaters,1,0
18,8.4,10,M6,30.0,NaturallyAspirated,6,0,0,TwoWheelDriveRear,1,1,2Seaters,1,0
19,4.5,8,AM7,24.3499,NaturallyAspirated,7,0,0,TwoWheelDriveRear,2,2,2Seaters,1,0
20,5.7,12,AM6,20.99,NaturallyAspirated,6,0,0,TwoWheelDriveRear,2,2,2Seaters,1,0
21,5.7,12,M6,21.1,NaturallyAspirated,6,0,0,TwoWheelDriveRear,2,2,2Seaters,1,0
22,5.2,10,AM6,25.4,NaturallyAspirated,6,1,0,AllWheelDrive,2,2,2Seaters,1,0
23,5.2,10,M6,24.0,NaturallyAspirated,6,0,0,AllWheelDrive,2,2,2Seaters,1,0
24,5.2,10,AM6,25.4,NaturallyAspirated,6,0,0,AllWheelDrive,2,2,2Seaters,1,0
25,5.2,10,M6,22.6,NaturallyAspirated,6,0,0,AllWheelDrive,2,2,2Seaters,1,0
26,6.5,12,Other,17.5,NaturallyAspirated,7,0,0,AllWheelDrive,2,2,2Seaters,1,0
27,6.5,12,AM7,19.9,NaturallyAspirated,7,0,0,AllWheelDrive,2,2,2Seaters,1,0
28,6.5,12,AM7,19.9,NaturallyAspirated,7,0,0,AllWheelDrive,2,2,2Seaters,1,0
29,6.5,12,Other,17.5,NaturallyAspirated,7,0,0,AllWheelDrive,2,2,2Seaters,1,0
30,6.5,12,AM7,19.9,NaturallyAspirated,7,0,0,AllWheelDrive,2,2,2Seaters,1,0
31,1.8,4,M6,37.62,NaturallyAspirated,6,0,0,TwoWheelDriveRear,2,2,2Seaters,1,1
32,1.8,4,M6,37.0028,Supercharged,6,0,0,TwoWheelDriveRear,2,2,2Seaters,1,1
33,2.0,4,M5,38.9959,NaturallyAspirated,5,0,0,TwoWheelDriveRear,2,2,2Seaters,1,0
34,2.0,4,M6,39.0,NaturallyAspirated,6,0,0,TwoWheelDriveRear,2,2,2Seaters,1,0
35,2.0,4,S6,38.512,NaturallyAspirated,6,1,0,TwoWheelDriveRear,2,2,2Seaters,1,0
36,5.5,8,A7,29.3,NaturallyAspirated,7,1,0,TwoWheelDriveRear,2,2,2Seaters,1,0
37,3.0,6,M6,35.9,NaturallyAspirated,6,0,0,TwoWheelDriveRear,2,2,2Seaters,1,0
38,3.5,6,A7,36.2,NaturallyAspirated,7,1,0,TwoWheelDriveRear,2,2,2Seaters,1,0
39,3.5,6,A7,34.5,NaturallyAspirated,7,1,0,TwoWheelDriveRear,2,2,2Seaters,1,0
40,3.5,6,M6,34.7927,NaturallyAspirated,6,0,0,TwoWheelDriveRear,2,2,2Seaters,1,0
41,5.5,8,A7,30.8,NaturallyAspirated,7,1,0,TwoWheelDriveRear,2,1,2Seaters,1,0
42,1.0,3,Other,57.8,NaturallyAspirated,5,1,0,TwoWheelDriveRear,2,2,2Seaters,1,0
43,1.0,3,Other,57.8,NaturallyAspirated,5,1,0,TwoWheelDriveRear,2,2,2Seaters,1,0
44,3.7,6,M6,35.9802,NaturallyAspirated,6,1,0,TwoWheelDriveRear,2,2,2Seaters,1,1
45,3.7,6,S7,36.9,NaturallyAspirated,7,1,0,TwoWheelDriveRear,2,2,2Seaters,1,1
46,3.7,6,S7,34.5832,NaturallyAspirated,7,1,0,TwoWheelDriveRear,2,2,2Seaters,1,1
47,3.7,6,M6,34.9,NaturallyAspirated,6,0,0,TwoWheelDriveRear,2,2,2Seaters,1,1
48,2.0,4,A5,37.5,Turbocharged,5,1,0,TwoWheelDriveRear,2,2,2Seaters,1,0
49,2.0,4,M5,40.0,Turbocharged,5,0,0,TwoWheelDriveRear,2,2,2Seaters,1,0
50,2.4,4,A5,33.6,NaturallyAspirated,5,1,0,TwoWheelDriveRear,2,2,2Seaters,1,0
51,2.4,4,M5,36.4,NaturallyAspirated,5,0,0,TwoWheelDriveRear,2,2,2Seaters,1,0
52,3.8,6,M6,28.5532,NaturallyAspirated,6,0,0,TwoWheelDriveRear,2,2,2Seaters,1,1
53,3.8,6,M6,27.372,NaturallyAspirated,6,0,0,TwoWheelDriveRear,2,2,2Seaters,1,1
54,2.9,6,M6,37.3296,NaturallyAspirated,6,0,0,TwoWheelDriveRear,2,2,2Seaters,1,1
55,2.9,6,A7,41.3608,NaturallyAspirated,7,0,0,TwoWheelDriveRear,2,2,2Seaters,1,1
56,3.4,6,M6,36.7299,NaturallyAspirated,6,0,0,TwoWheelDriveRear,2,2,2Seaters,1,1
57,3.4,6,A7,40.9978,NaturallyAspirated,7,0,0,TwoWheelDriveRear,2,2,2Seaters,1,1
58,2.9,6,M6,37.3296,NaturallyAspirated,6,0,0,TwoWheelDriveRear,2,2,2Seaters,1,1
59,2.9,6,A7,41.3608,NaturallyAspirated,7,0,0,TwoWheelDriveRear,2,2,2Seaters,1,1
60,3.4,6,M6,36.7299,NaturallyAspirated,6,0,0,TwoWheelDriveRear,2,2,2Seaters,1,1
61,3.4,6,A7,40.9978,NaturallyAspirated,7,0,0,TwoWheelDriveRear,2,2,2Seaters,1,1
62,2.0,4,A5,37.5,Turbocharged,5,1,0,TwoWheelDriveRear,2,2,2Seaters,1,0
63,2.0,4,M5,40.0,Turbocharged,5,0,0,TwoWheelDriveRear,2,2,2Seaters,1,0
64,2.4,4,M5,36.4,NaturallyAspirated,5,0,0,TwoWheelDriveRear,2,2,2Seaters,1,0
65,2.4,4,A5,33.6,NaturallyAspirated,5,1,0,TwoWheelDriveRear,2,2,2Seaters,1,0
66,4.2,8,A6,27.471,NaturallyAspirated,6,1,0,TwoWheelDriveRear,3,2,2Seaters,1,0
67,5.9,12,M6,23.6523,NaturallyAspirated,6,1,0,TwoWheelDriveRear,2,2,MinicompactCars,0,0
68,5.9,12,S6,27.2408,NaturallyAspirated,6,1,0,TwoWheelDriveRear,2,2,MinicompactCars,0,0
69,5.9,12,M6,22.9258,NaturallyAspirated,6,1,0,TwoWheelDriveRear,2,2,MinicompactCars,0,0
70,5.9,12,S6,24.6983,NaturallyAspirated,6,1,0,TwoWheelDriveRear,2,2,MinicompactCars,0,0
71,4.3,8,AM7,26.1157,NaturallyAspirated,7,0,0,TwoWheelDriveRear,2,2,MinicompactCars,1,0
72,5.0,8,S6,32.8808,NaturallyAspirated,6,1,0,TwoWheelDriveRear,2,2,MinicompactCars,1,1
73,5.0,8,S6,30.3378,Supercharged,6,1,0,TwoWheelDriveRear,2,2,MinicompactCars,1,0
74,5.0,8,S6,30.8027,NaturallyAspirated,6,1,0,TwoWheelDriveRear,2,2,MinicompactCars,1,1
75,4.3,8,S6,31.6,NaturallyAspirated,6,1,0,TwoWheelDriveRear,2,2,MinicompactCars,1,0
76,3.5,6,M6,35.5,NaturallyAspirated,6,0,0,TwoWheelDriveRear,2,2,MinicompactCars,1,0
77,1.6,4,M6,51.6555,NaturallyAspirated,6,0,0,TwoWheelDriveFront,2,2,MinicompactCars,1,1
78,1.6,4,S6,47.2025,NaturallyAspirated,6,1,0,TwoWheelDriveFront,2,2,MinicompactCars,1,1
79,1.6,4,M6,52.0,NaturallyAspirated,6,0,0,TwoWheelDriveFront,2,2,MinicompactCars,1,1
80,1.6,4,S6,47.2025,NaturallyAspirated,6,1,0,TwoWheelDriveFront,2,2,MinicompactCars,1,1
81,1.6,4,S6,44.5714,Turbocharged,6,1,0,TwoWheelDriveFront,2,2,MinicompactCars,1,0
82,1.6,4,M6,47.7592,Turbocharged,6,0,0,TwoWheelDriveFront,2,2,MinicompactCars,1,0
83,1.6,4,S6,44.5714,Turbocharged,6,1,0,TwoWheelDriveFront,2,2,MinicompactCars,1,0
84,1.6,4,M6,47.7592,Turbocharged,6,0,0,TwoWheelDriveFront,2,2,MinicompactCars,1,0
85,1.6,4,M6,46.5047,Turbocharged,6,0,0,TwoWheelDriveFront,2,2,MinicompactCars,1,1
86,1.6,4,M6,46.5047,Turbocharged,6,0,0,TwoWheelDriveFront,2,2,MinicompactCars,1,1
87,2.4,4,S4,36.2628,NaturallyAspirated,4,1,0,TwoWheelDriveFront,2,2,MinicompactCars,0,1
88,3.8,6,S5,33.2,NaturallyAspirated,5,1,0,TwoWheelDriveFront,2,2,MinicompactCars,0,1
89,3.6,6,M6,35.2427,NaturallyAspirated,6,0,0,TwoWheelDriveRear,2,2,MinicompactCars,1,1
90,3.6,6,A7,37.6908,NaturallyAspirated,7,0,0,TwoWheelDriveRear,2,2,MinicompactCars,1,1
91,3.6,6,M6,34.8754,NaturallyAspirated,6,0,0,FourWheelDrive,2,2,MinicompactCars,1,1
92,3.6,6,A7,36.7563,NaturallyAspirated,7,0,0,FourWheelDrive,2,2,MinicompactCars,1,1
93,3.6,6,M6,34.8754,NaturallyAspirated,6,0,0,FourWheelDrive,2,2,MinicompactCars,1,1
94,3.6,6,A7,36.4395,NaturallyAspirated,7,0,0,FourWheelDrive,2,2,MinicompactCars,1,1
95,3.6,6,M6,34.8754,NaturallyAspirated,6,0,0,FourWheelDrive,2,2,MinicompactCars,1,1
96,3.6,6,A7,36.4395,NaturallyAspirated,7,0,0,FourWheelDrive,2,2,MinicompactCars,1,1
97,3.8,6,M6,34.5148,NaturallyAspirated,6,0,0,FourWheelDrive,2,2,MinicompactCars,1,1
98,3.8,6,A7,36.01300000000001,NaturallyAspirated,7,0,0,FourWheelDrive,2,2,MinicompactCars,1,1
99,3.8,6,M6,34.5148,NaturallyAspirated,6,0,0,FourWheelDrive,2,2,MinicompactCars,1,1
100,3.8,6,A7,37.0769,NaturallyAspirated,7,0,0,FourWheelDrive,2,2,MinicompactCars,1,1
101,3.8,6,M6,34.5148,NaturallyAspirated,6,0,0,FourWheelDrive,2,2,MinicompactCars,1,1
102,3.8,6,A7,37.0769,NaturallyAspirated,7,0,0,FourWheelDrive,2,2,MinicompactCars,1,1
103,3.6,6,M6,35.2427,NaturallyAspirated,6,0,0,TwoWheelDriveRear,2,2,MinicompactCars,1,1
104,3.6,6,A7,37.6908,NaturallyAspirated,7,0,0,TwoWheelDriveRear,2,2,MinicompactCars,1,1
105,3.8,6,M6,35.3594,NaturallyAspirated,6,0,0,TwoWheelDriveRear,2,2,MinicompactCars,1,1
106,3.8,6,A7,36.9347,NaturallyAspirated,7,0,0,TwoWheelDriveRear,2,2,MinicompactCars,1,1
107,3.8,6,A7,36.9347,NaturallyAspirated,7,0,0,TwoWheelDriveRear,2,2,MinicompactCars,1,1
108,3.8,6,M6,35.3594,NaturallyAspirated,6,0,0,TwoWheelDriveRear,2,2,MinicompactCars,1,1
109,3.8,6,A7,33.8482,Turbocharged,7,1,0,TwoWheelDriveRear,2,2,MinicompactCars,1,1
110,3.8,6,M6,33.1649,Turbocharged,6,0,0,TwoWheelDriveRear,2,2,MinicompactCars,1,1
111,3.8,6,A7,34.255,Turbocharged,7,1,0,TwoWheelDriveRear,2,2,MinicompactCars,1,1
112,3.8,6,M6,33.2357,Turbocharged,6,0,0,TwoWheelDriveRear,2,2,MinicompactCars,1,1
113,3.8,6,A7,33.8482,Turbocharged,7,1,0,TwoWheelDriveRear,2,2,MinicompactCars,1,1
114,3.8,6,A7,34.255,Turbocharged,7,1,0,TwoWheelDriveRear,2,2,MinicompactCars,1,1
115,2.5,5,S6,39.7267,NaturallyAspirated,6,0,0,TwoWheelDriveFront,2,2,MinicompactCars,1,0
116,5.9,12,S6,26.6208,NaturallyAspirated,6,1,0,TwoWheelDriveRear,2,2,SubcompactCars,0,0
117,2.0,4,AV,42.7743,Turbocharged,1,0,0,TwoWheelDriveFront,2,2,SubcompactCars,1,1
118,2.0,4,S6,37.0,Turbocharged,6,1,0,AllWheelDrive,2,2,SubcompactCars,1,1
119,2.0,4,S6,37.7989,Turbocharged,6,1,0,AllWheelDrive,2,2,SubcompactCars,1,1
120,2.0,4,M6,42.575,Turbocharged,6,1,0,AllWheelDrive,2,2,SubcompactCars,1,1
121,3.2,6,S6,36.2,NaturallyAspirated,6,0,0,AllWheelDrive,2,2,SubcompactCars,1,1
122,4.2,8,S6,31.0,NaturallyAspirated,6,1,0,AllWheelDrive,2,2,SubcompactCars,1,0
123,4.2,8,M6,29.3,NaturallyAspirated,6,0,0,AllWheelDrive,2,2,SubcompactCars,1,0
124,3.0,6,S7,34.0,Supercharged,7,0,0,AllWheelDrive,2,2,SubcompactCars,1,0
125,2.0,4,S6,39.7256,Turbocharged,6,0,0,AllWheelDrive,2,2,SubcompactCars,1,0
126,6.0,12,S6,23.2715,Turbocharged,6,1,0,AllWheelDrive,2,2,SubcompactCars,1,0
127,3.0,6,S6,38.1696,NaturallyAspirated,6,1,0,TwoWheelDriveRear,2,2,SubcompactCars,1,1
128,3.0,6,M6,38.7896,NaturallyAspirated,6,0,0,TwoWheelDriveRear,2,2,SubcompactCars,1,1
129,3.0,6,S6,39.7103,NaturallyAspirated,6,1,0,TwoWheelDriveRear,2,2,SubcompactCars,1,1
130,3.0,6,M6,38.7896,NaturallyAspirated,6,0,0,TwoWheelDriveRear,2,2,SubcompactCars,1,1
131,3.0,6,S6,35.5,Turbocharged,6,1,0,TwoWheelDriveRear,2,2,SubcompactCars,1,0
132,3.0,6,M6,35.2678,Turbocharged,6,0,0,TwoWheelDriveRear,2,2,SubcompactCars,1,0
133,3.0,6,S6,36.1548,Turbocharged,6,1,0,TwoWheelDriveRear,2,2,SubcompactCars,1,0
134,3.0,6,M6,35.7081,Turbocharged,6,0,0,TwoWheelDriveRear,2,2,SubcompactCars,1,0
135,3.0,6,S6,39.7103,NaturallyAspirated,6,1,0,TwoWheelDriveRear,2,2,SubcompactCars,1,1
136,3.0,6,M6,38.7896,NaturallyAspirated,6,0,0,TwoWheelDriveRear,2,2,SubcompactCars,1,1
137,3.0,6,S6,38.1696,NaturallyAspirated,6,1,0,TwoWheelDriveRear,2,2,SubcompactCars,1,1
138,3.0,6,M6,36.798,NaturallyAspirated,6,1,0,TwoWheelDriveRear,2,2,SubcompactCars,1,1
139,3.0,6,S6,35.5404,NaturallyAspirated,6,1,0,AllWheelDrive,2,2,SubcompactCars,1,1
140,3.0,6,M6,35.4606,NaturallyAspirated,6,0,0,AllWheelDrive,2,2,SubcompactCars,1,1
141,3.0,6,S6,36.1548,Turbocharged,6,1,0,TwoWheelDriveRear,2,2,SubcompactCars,1,0
142,3.0,6,M6,35.7081,Turbocharged,6,0,0,TwoWheelDriveRear,2,2,SubcompactCars,1,0
143,3.0,6,S6,36.1548,Turbocharged,6,1,0,TwoWheelDriveRear,2,2,SubcompactCars,1,0
144,3.0,6,M6,35.7081,Turbocharged,6,0,0,TwoWheelDriveRear,2,2,SubcompactCars,1,0
145,3.0,6,S6,34.7288,Turbocharged,6,1,0,AllWheelDrive,2,2,SubcompactCars,1,0
146,3.0,6,M6,34.2853,Turbocharged,6,1,0,AllWheelDrive,2,2,SubcompactCars,1,0
147,4.8,8,M6,30.5375,NaturallyAspirated,6,1,0,TwoWheelDriveRear,2,2,SubcompactCars,1,1
148,4.8,8,S6,31.3747,NaturallyAspirated,6,1,0,TwoWheelDriveRear,2,2,SubcompactCars,1,1
149,4.8,8,M6,28.8,NaturallyAspirated,6,1,0,TwoWheelDriveRear,2,2,SubcompactCars,1,1
150,4.8,8,S6,31.8,NaturallyAspirated,6,1,0,TwoWheelDriveRear,2,2,SubcompactCars,1,1
151,4.0,8,S7,27.3704,NaturallyAspirated,7,1,0,TwoWheelDriveRear,2,2,SubcompactCars,1,0
152,4.0,8,M6,27.3,NaturallyAspirated,6,0,0,TwoWheelDriveRear,2,2,SubcompactCars,1,0
153,4.0,8,M6,28.4,NaturallyAspirated,6,0,0,TwoWheelDriveRear,2,2,SubcompactCars,1,0
154,4.0,8,S7,27.9711,NaturallyAspirated,7,1,0,TwoWheelDriveRear,2,2,SubcompactCars,1,0
155,5.0,10,M6,23.227,NaturallyAspirated,6,1,0,TwoWheelDriveRear,2,2,SubcompactCars,1,0
156,5.0,10,S7,23.6182,NaturallyAspirated,7,1,0,TwoWheelDriveRear,2,2,SubcompactCars,1,0
157,5.0,10,M6,23.7,NaturallyAspirated,6,1,0,TwoWheelDriveRear,2,2,SubcompactCars,1,0
158,5.0,10,S7,24.0505,NaturallyAspirated,7,1,0,TwoWheelDriveRear,2,2,SubcompactCars,1,0
159,1.6,4,A4,47.9,NaturallyAspirated,4,1,0,TwoWheelDriveFront,2,2,SubcompactCars,1,0
160,1.6,4,M5,48.9,NaturallyAspirated,5,0,0,TwoWheelDriveFront,2,2,SubcompactCars,1,0
161,2.2,4,M5,51.9,NaturallyAspirated,5,0,0,TwoWheelDriveFront,2,2,SubcompactCars,1,0
162,2.2,4,A4,46.8,NaturallyAspirated,4,1,0,TwoWheelDriveFront,2,2,SubcompactCars,1,0
163,2.0,4,M5,41.9,Turbocharged,5,0,0,TwoWheelDriveFront,2,2,SubcompactCars,1,0
164,2.2,4,M5,51.9,NaturallyAspirated,5,0,0,TwoWheelDriveFront,2,2,SubcompactCars,1,0
165,4.0,6,A5,32.7568,NaturallyAspirated,5,1,1,TwoWheelDriveRear,1,1,SubcompactCars,0,0
166,4.0,6,M5,36.3926,NaturallyAspirated,5,0,0,TwoWheelDriveRear,1,1,SubcompactCars,0,0
167,4.6,8,A5,32.1109,NaturallyAspirated,5,1,1,TwoWheelDriveRear,2,1,SubcompactCars,1,0
168,4.6,8,M5,33.8,NaturallyAspirated,5,0,1,TwoWheelDriveRear,2,1,SubcompactCars,1,0
169,5.4,8,M6,30.4,Supercharged,6,0,0,TwoWheelDriveRear,2,2,SubcompactCars,0,0
170,1.8,4,A5,50.5,NaturallyAspirated,5,1,0,TwoWheelDriveFront,2,2,SubcompactCars,1,1
171,1.8,4,M5,48.6,NaturallyAspirated,5,0,0,TwoWheelDriveFront,2,2,SubcompactCars,1,1
172,1.8,4,A5,51.1915,NaturallyAspirated,5,1,0,TwoWheelDriveFront,2,2,SubcompactCars,1,1
173,2.0,4,M6,40.5,NaturallyAspirated,6,0,0,TwoWheelDriveFront,2,2,SubcompactCars,1,1
174,2.0,4,A5,41.7998,Turbocharged,5,1,0,TwoWheelDriveRear,2,2,SubcompactCars,1,0
175,2.0,4,M6,42.0,Turbocharged,6,0,0,TwoWheelDriveRear,2,2,SubcompactCars,1,0
176,3.8,6,A6,38.0484,NaturallyAspirated,6,1,0,TwoWheelDriveRear,2,2,SubcompactCars,1,0
177,3.8,6,M6,36.4,NaturallyAspirated,6,0,0,TwoWheelDriveRear,2,2,SubcompactCars,1,0
178,3.7,6,M6,32.9748,NaturallyAspirated,6,0,0,TwoWheelDriveRear,2,2,SubcompactCars,1,1
179,3.7,6,S7,35.2288,NaturallyAspirated,7,1,0,TwoWheelDriveRear,2,2,SubcompactCars,1,1
180,3.7,6,M6,34.7305,NaturallyAspirated,6,0,0,TwoWheelDriveRear,2,2,SubcompactCars,1,1
181,3.7,6,S7,37.065,NaturallyAspirated,7,1,0,TwoWheelDriveRear,2,2,SubcompactCars,1,1
182,3.7,6,S7,35.162,NaturallyAspirated,7,1,0,FourWheelDrive,2,2,SubcompactCars,1,1
183,2.5,6,S6,36.2901,NaturallyAspirated,6,1,0,AllWheelDrive,2,2,SubcompactCars,1,0
184,2.5,6,M6,36.7047,NaturallyAspirated,6,0,0,TwoWheelDriveRear,2,2,SubcompactCars,1,0
185,2.5,6,S6,40.8247,NaturallyAspirated,6,1,0,TwoWheelDriveRear,2,2,SubcompactCars,1,0
186,3.5,6,S6,36.5564,NaturallyAspirated,6,1,0,TwoWheelDriveRear,2,2,SubcompactCars,1,0
187,5.0,8,S8,32.0888,NaturallyAspirated,8,1,0,TwoWheelDriveRear,2,2,SubcompactCars,1,0
188,4.2,8,A6,26.8817,NaturallyAspirated,6,0,0,TwoWheelDriveRear,2,2,SubcompactCars,1,0
189,4.7,8,A6,26.7022,NaturallyAspirated,6,0,0,TwoWheelDriveRear,2,2,SubcompactCars,1,0
190,4.7,8,A6,26.5604,NaturallyAspirated,6,0,0,TwoWheelDriveRear,2,2,SubcompactCars,1,0
191,1.3,2,M6,30.2,NaturallyAspirated,6,0,0,TwoWheelDriveRear,0,0,SubcompactCars,0,0
192,1.3,2,S6,32.1,NaturallyAspirated,6,1,0,TwoWheelDriveRear,0,0,SubcompactCars,0,0
193,3.5,6,A7,36.0876,NaturallyAspirated,7,1,0,TwoWheelDriveRear,2,2,SubcompactCars,1,0
194,5.5,8,A7,31.7,NaturallyAspirated,7,1,0,TwoWheelDriveRear,2,2,SubcompactCars,1,0
195,1.6,4,M6,51.6555,NaturallyAspirated,6,0,0,TwoWheelDriveFront,2,2,SubcompactCars,1,1
196,1.6,4,S6,47.2025,NaturallyAspirated,6,1,0,TwoWheelDriveFront,2,2,SubcompactCars,1,1
197,1.6,4,S6,44.5714,Turbocharged,6,1,0,TwoWheelDriveFront,2,2,SubcompactCars,1,0
198,1.6,4,M6,47.7592,Turbocharged,6,0,0,TwoWheelDriveFront,2,2,SubcompactCars,1,0
199,1.6,4,M6,46.5047,Turbocharged,6,0,0,TwoWheelDriveFront,2,2,SubcompactCars,1,1
200,2.4,4,M5,38.5995,NaturallyAspirated,5,0,0,TwoWheelDriveFront,2,2,SubcompactCars,0,1
201,2.4,4,S4,37.4902,NaturallyAspirated,4,1,0,TwoWheelDriveFront,2,2,SubcompactCars,0,1
202,3.8,6,M6,34.6,NaturallyAspirated,6,0,0,TwoWheelDriveFront,2,2,SubcompactCars,0,1
203,3.8,6,S5,33.2,NaturallyAspirated,5,1,0,TwoWheelDriveFront,2,2,SubcompactCars,0,1
204,2.5,4,AVS6,44.7365,NaturallyAspirated,1,1,0,TwoWheelDriveFront,2,2,SubcompactCars,1,0
205,2.5,4,M6,43.8,NaturallyAspirated,6,0,0,TwoWheelDriveFront,2,2,SubcompactCars,1,0
206,3.5,6,M6,37.9628,NaturallyAspirated,6,0,0,TwoWheelDriveFront,2,2,SubcompactCars,1,0
207,3.5,6,AVS6,38.0169,NaturallyAspirated,1,1,0,TwoWheelDriveFront,2,2,SubcompactCars,1,0
208,3.8,6,AM6,29.0307,Turbocharged,6,1,0,AllWheelDrive,2,2,SubcompactCars,1,0
209,2.2,4,M5,51.9,NaturallyAspirated,5,0,0,TwoWheelDriveFront,2,2,SubcompactCars,1,0
210,2.2,4,A4,46.8,NaturallyAspirated,4,1,0,TwoWheelDriveFront,2,2,SubcompactCars,1,0
211,2.2,4,A4,46.8,NaturallyAspirated,4,1,0,TwoWheelDriveFront,2,2,SubcompactCars,1,0
212,2.2,4,M5,51.9,NaturallyAspirated,5,0,0,TwoWheelDriveFront,2,2,SubcompactCars,1,0
213,2.2,4,M5,51.9,NaturallyAspirated,5,0,0,TwoWheelDriveFront,2,2,SubcompactCars,1,0
214,4.6,8,A5,29.14,Supercharged,5,1,0,TwoWheelDriveRear,2,1,SubcompactCars,1,0
215,4.6,8,M5,31.61,Supercharged,5,0,0,TwoWheelDriveRear,2,1,SubcompactCars,1,0
216,2.0,4,M6,41.2,Turbocharged,6,0,0,TwoWheelDriveFront,2,2,SubcompactCars,0,0
217,2.0,4,S5,37.5,Turbocharged,5,1,0,TwoWheelDriveFront,2,2,SubcompactCars,0,0
218,1.6,4,M5,48.9,NaturallyAspirated,5,0,0,TwoWheelDriveFront,2,2,SubcompactCars,1,0
219,1.6,4,A4,42.1,NaturallyAspirated,4,1,0,TwoWheelDriveFront,2,2,SubcompactCars,1,0
220,2.4,4,A4,40.2,NaturallyAspirated,4,1,0,TwoWheelDriveFront,2,2,SubcompactCars,1,0
221,2.4,4,M5,38.2,NaturallyAspirated,5,0,0,TwoWheelDriveFront,2,2,SubcompactCars,1,0
222,1.8,4,A4,47.2,NaturallyAspirated,4,1,0,TwoWheelDriveFront,2,2,SubcompactCars,1,0
223,1.8,4,M5,46.9,NaturallyAspirated,5,0,0,TwoWheelDriveFront,2,2,SubcompactCars,1,0
224,1.5,4,A4,48.8622,NaturallyAspirated,4,1,0,TwoWheelDriveFront,2,2,SubcompactCars,1,0
225,1.5,4,M5,50.6725,NaturallyAspirated,5,0,0,TwoWheelDriveFront,2,2,SubcompactCars,1,0
226,2.0,4,M6,41.521,Turbocharged,6,0,0,TwoWheelDriveFront,2,2,SubcompactCars,1,0
227,2.0,4,S6,41.3156,Turbocharged,6,0,0,TwoWheelDriveFront,2,2,SubcompactCars,1,0
228,2.5,5,S6,40.8,NaturallyAspirated,6,0,0,TwoWheelDriveFront,2,2,SubcompactCars,1,0
229,2.5,5,M5,39.3753,NaturallyAspirated,5,0,0,TwoWheelDriveFront,2,2,SubcompactCars,1,0
230,2.5,5,S5,38.4,Turbocharged,5,1,0,TwoWheelDriveFront,2,2,SubcompactCars,1,0
231,2.5,5,M6,38.6,Turbocharged,6,0,0,TwoWheelDriveFront,2,2,SubcompactCars,1,0
232,2.4,4,M6,39.3,NaturallyAspirated,6,0,0,TwoWheelDriveFront,2,2,CompactCars,1,0
233,2.4,4,S5,42.3,NaturallyAspirated,5,1,0,TwoWheelDriveFront,2,2,CompactCars,1,0
234,3.5,6,S5,37.6,NaturallyAspirated,5,1,0,TwoWheelDriveFront,2,2,CompactCars,1,1
235,2.0,4,AV,42.7743,Turbocharged,1,0,0,TwoWheelDriveFront,2,2,CompactCars,1,1
236,2.0,4,S6,37.7989,Turbocharged,6,1,0,AllWheelDrive,2,2,CompactCars,1,1
237,2.0,4,M6,42.575,Turbocharged,6,1,0,AllWheelDrive,2,2,CompactCars,1,1
238,3.0,6,M6,34.1,Supercharged,6,0,0,AllWheelDrive,2,2,CompactCars,1,0
239,3.0,6,S7,35.0,Supercharged,7,0,0,AllWheelDrive,2,2,CompactCars,1,0
240,6.8,8,A6,21.006,Turbocharged,6,0,0,TwoWheelDriveRear,1,1,CompactCars,0,0
241,6.8,8,A6,21.006,Turbocharged,6,0,0,TwoWheelDriveRear,1,1,CompactCars,0,0
242,6.0,12,S6,23.8,Turbocharged,6,1,0,AllWheelDrive,2,2,CompactCars,1,0
243,3.0,6,S6,39.7103,NaturallyAspirated,6,1,0,TwoWheelDriveRear,2,2,CompactCars,1,1
244,3.0,6,M6,38.7896,NaturallyAspirated,6,0,0,TwoWheelDriveRear,2,2,CompactCars,1,1
245,3.0,6,S6,35.5404,NaturallyAspirated,6,1,0,AllWheelDrive,2,2,CompactCars,1,1
246,3.0,6,M6,35.4606,NaturallyAspirated,6,0,0,AllWheelDrive,2,2,CompactCars,1,1
247,3.0,6,S6,51.1,Turbocharged,6,1,0,TwoWheelDriveRear,2,2,CompactCars,0,0
248,3.0,6,S6,36.1548,Turbocharged,6,1,0,TwoWheelDriveRear,2,2,CompactCars,1,0
249,3.0,6,M6,35.7081,Turbocharged,6,0,0,TwoWheelDriveRear,2,2,CompactCars,1,0
250,3.0,6,S6,34.7288,Turbocharged,6,1,0,AllWheelDrive,2,2,CompactCars,1,0
251,3.0,6,M6,34.2853,Turbocharged,6,1,0,AllWheelDrive,2,2,CompactCars,1,0
252,4.0,8,M6,28.4,NaturallyAspirated,6,0,0,TwoWheelDriveRear,2,2,CompactCars,1,0
253,4.0,8,S7,27.9711,NaturallyAspirated,7,1,0,TwoWheelDriveRear,2,2,CompactCars,1,0
254,1.6,4,A4,47.9,NaturallyAspirated,4,1,0,TwoWheelDriveFront,2,2,CompactCars,1,0
255,1.6,4,M5,48.9,NaturallyAspirated,5,0,0,TwoWheelDriveFront,2,2,CompactCars,1,0
256,3.6,6,M6,40.4,NaturallyAspirated,6,0,0,TwoWheelDriveRear,2,2,CompactCars,1,0
257,3.6,6,S6,40.0,NaturallyAspirated,6,1,0,TwoWheelDriveRear,2,2,CompactCars,1,0
258,6.2,8,M6,33.8,NaturallyAspirated,6,0,0,TwoWheelDriveRear,1,1,CompactCars,0,0
259,6.2,8,S6,35.2,NaturallyAspirated,6,1,0,TwoWheelDriveRear,1,1,CompactCars,1,0
260,2.2,4,M5,51.9,NaturallyAspirated,5,0,0,TwoWheelDriveFront,2,2,CompactCars,1,0
261,2.2,4,A4,46.8,NaturallyAspirated,4,1,0,TwoWheelDriveFront,2,2,CompactCars,1,0
262,2.2,4,M5,51.9,NaturallyAspirated,5,0,0,TwoWheelDriveFront,2,2,CompactCars,1,0
263,2.4,4,A4,40.1,NaturallyAspirated,4,1,0,TwoWheelDriveFront,2,2,CompactCars,1,0
264,2.7,6,A4,36.5,NaturallyAspirated,4,1,0,TwoWheelDriveFront,2,2,CompactCars,0,0
265,3.5,6,A6,37.6,NaturallyAspirated,6,1,0,TwoWheelDriveFront,2,2,CompactCars,0,0
266,3.5,6,A5,34.7,NaturallyAspirated,5,1,0,TwoWheelDriveRear,2,2,CompactCars,0,0
267,5.7,8,A5,34.5,NaturallyAspirated,5,1,0,TwoWheelDriveRear,1,1,CompactCars,1,0
268,5.7,8,M6,33.6,NaturallyAspirated,6,0,0,TwoWheelDriveRear,1,1,CompactCars,1,0
269,6.1,8,M6,30.1,NaturallyAspirated,6,0,0,TwoWheelDriveRear,1,1,CompactCars,0,0
270,6.1,8,A5,26.0,NaturallyAspirated,5,1,0,TwoWheelDriveRear,1,1,CompactCars,0,0
271,2.0,4,A4,47.3278,NaturallyAspirated,4,1,0,TwoWheelDriveFront,2,2,CompactCars,0,0
272,2.0,4,M5,49.3,NaturallyAspirated,5,0,0,TwoWheelDriveFront,2,2,CompactCars,0,0
273,2.4,4,M5,43.5,NaturallyAspirated,5,0,0,TwoWheelDriveFront,2,2,CompactCars,1,1
274,2.4,4,A5,43.3,NaturallyAspirated,5,1,0,TwoWheelDriveFront,2,2,CompactCars,1,1
275,3.5,6,M6,35.5,NaturallyAspirated,6,0,0,TwoWheelDriveFront,2,2,CompactCars,1,1
276,3.5,6,A5,39.9,NaturallyAspirated,5,1,0,TwoWheelDriveFront,2,2,CompactCars,1,1
277,1.3,4,AV,65.0,NaturallyAspirated,1,1,0,TwoWheelDriveFront,1,1,CompactCars,1,1
278,1.3,4,Other,62.2674,NaturallyAspirated,1,1,0,TwoWheelDriveFront,1,1,CompactCars,1,1
279,1.3,4,AV,61.2,NaturallyAspirated,1,1,0,TwoWheelDriveFront,1,1,CompactCars,1,1
280,1.6,4,A4,50.4,NaturallyAspirated,4,1,0,TwoWheelDriveFront,2,2,CompactCars,1,0
281,1.6,4,M5,48.2,NaturallyAspirated,5,0,0,TwoWheelDriveFront,2,2,CompactCars,1,0
282,1.6,4,M5,50.8205,NaturallyAspirated,5,0,0,TwoWheelDriveFront,2,2,CompactCars,1,0
283,2.0,4,A4,47.2964,NaturallyAspirated,4,1,0,TwoWheelDriveFront,2,2,CompactCars,1,0
284,2.0,4,A5,50.9,NaturallyAspirated,5,1,0,TwoWheelDriveFront,2,2,CompactCars,1,0
285,2.0,4,M5,47.4,NaturallyAspirated,5,0,0,TwoWheelDriveFront,2,2,CompactCars,1,0
286,2.4,4,A5,44.344,NaturallyAspirated,5,1,0,TwoWheelDriveFront,2,2,CompactCars,1,0
287,2.4,4,M6,44.6,NaturallyAspirated,6,0,0,TwoWheelDriveFront,2,2,CompactCars,1,0
288,1.6,4,A4,50.2669,NaturallyAspirated,4,1,0,TwoWheelDriveFront,2,2,CompactCars,1,0
289,1.6,4,M5,48.3188,NaturallyAspirated,5,0,0,TwoWheelDriveFront,2,2,CompactCars,1,0
290,3.5,6,AVS6,35.3494,NaturallyAspirated,1,0,0,TwoWheelDriveRear,2,2,CompactCars,1,0
291,2.4,4,AV,47.4081,NaturallyAspirated,1,0,0,TwoWheelDriveFront,2,2,CompactCars,1,0
292,2.0,4,S5,46.624,NaturallyAspirated,5,1,0,TwoWheelDriveFront,2,2,CompactCars,1,0
293,2.0,4,M5,46.4387,NaturallyAspirated,5,0,0,TwoWheelDriveFront,2,2,CompactCars,1,0
294,2.5,4,M6,40.1876,NaturallyAspirated,6,0,0,TwoWheelDriveFront,2,2,CompactCars,1,0
295,2.5,4,S5,40.8873,NaturallyAspirated,5,1,0,TwoWheelDriveFront,2,2,CompactCars,1,0
296,3.0,6,M6,35.8,NaturallyAspirated,6,0,0,TwoWheelDriveRear,2,2,CompactCars,1,0
297,3.0,6,A7,35.7311,NaturallyAspirated,7,1,0,TwoWheelDriveRear,2,2,CompactCars,1,0
298,3.5,6,A7,35.9,NaturallyAspirated,7,1,0,TwoWheelDriveRear,2,2,CompactCars,1,0
299,3.0,6,A7,34.9,NaturallyAspirated,7,1,0,FourWheelDrive,2,2,CompactCars,1,0
300,3.5,6,A7,33.9,NaturallyAspirated,7,1,0,FourWheelDrive,2,2,CompactCars,1,0
301,3.5,6,A7,34.6,NaturallyAspirated,7,1,0,TwoWheelDriveRear,2,2,CompactCars,1,0
302,6.3,8,A7,26.6722,NaturallyAspirated,7,1,0,TwoWheelDriveRear,2,2,CompactCars,1,0
303,5.5,8,A7,29.2,NaturallyAspirated,7,1,0,FourWheelDrive,2,2,CompactCars,1,0
304,5.5,12,A5,23.9,Turbocharged,5,1,0,TwoWheelDriveRear,2,1,CompactCars,1,0
305,6.3,8,A7,24.7,NaturallyAspirated,7,1,0,TwoWheelDriveRear,2,2,CompactCars,1,0
306,6.0,12,A5,23.4,Turbocharged,5,1,0,TwoWheelDriveRear,2,1,CompactCars,1,0
307,5.5,8,A7,29.0,NaturallyAspirated,7,1,0,TwoWheelDriveRear,2,2,CompactCars,1,0
308,6.3,8,A7,24.8202,NaturallyAspirated,7,1,0,TwoWheelDriveRear,2,2,CompactCars,1,0
309,2.0,4,M5,42.9363,NaturallyAspirated,5,0,0,TwoWheelDriveFront,2,2,CompactCars,1,0
310,2.0,4,AVS6,42.4579,NaturallyAspirated,1,0,0,TwoWheelDriveFront,2,2,CompactCars,1,0
311,2.0,4,AM6,34.9,Turbocharged,6,1,0,AllWheelDrive,2,2,CompactCars,1,0
312,2.4,4,M5,38.8769,NaturallyAspirated,5,0,0,TwoWheelDriveFront,2,2,CompactCars,1,0
313,2.4,4,AVS6,40.3706,NaturallyAspirated,1,0,0,TwoWheelDriveFront,2,2,CompactCars,1,0
314,2.0,4,M5,30.6,Turbocharged,5,0,0,AllWheelDrive,2,2,CompactCars,1,0
315,2.0,4,AM6,31.1,Turbocharged,6,1,0,AllWheelDrive,2,2,CompactCars,1,0
316,1.6,4,A4,47.9,NaturallyAspirated,4,1,0,TwoWheelDriveFront,2,2,CompactCars,1,0
317,1.6,4,M5,48.9,NaturallyAspirated,5,0,0,TwoWheelDriveFront,2,2,CompactCars,1,0
318,2.4,4,A4,42.8,NaturallyAspirated,4,1,0,TwoWheelDriveFront,2,2,CompactCars,1,0
319,2.4,4,S6,46.9,NaturallyAspirated,6,1,0,TwoWheelDriveFront,2,2,CompactCars,1,0
320,2.4,4,A4,42.6,NaturallyAspirated,4,1,0,TwoWheelDriveFront,2,2,CompactCars,1,0
321,2.4,4,S6,46.8,NaturallyAspirated,6,1,0,TwoWheelDriveFront,2,2,CompactCars,1,0
322,3.5,6,A4,40.3,NaturallyAspirated,4,1,0,TwoWheelDriveFront,1,1,CompactCars,1,0
323,3.5,6,A4,41.2,NaturallyAspirated,4,1,0,TwoWheelDriveFront,1,1,CompactCars,1,0
324,3.6,6,S6,35.6,NaturallyAspirated,6,1,0,TwoWheelDriveFront,2,2,CompactCars,1,0
325,3.6,6,S4,31.0,NaturallyAspirated,4,1,0,TwoWheelDriveFront,2,2,CompactCars,1,0
326,6.7,12,S6,24.2,NaturallyAspirated,6,1,0,TwoWheelDriveRear,2,2,CompactCars,1,0
327,6.7,12,S6,24.2,NaturallyAspirated,6,1,0,TwoWheelDriveRear,2,2,CompactCars,1,0
328,2.0,4,S5,37.1,Turbocharged,5,1,0,AllWheelDrive,2,2,CompactCars,0,0
329,2.0,4,M6,41.1132,Turbocharged,6,0,0,AllWheelDrive,2,2,CompactCars,0,0
330,2.0,4,S6,38.4627,Turbocharged,6,1,0,AllWheelDrive,2,2,CompactCars,0,0
331,2.0,4,M6,43.1,Turbocharged,6,0,0,TwoWheelDriveFront,2,2,CompactCars,0,0
332,2.0,4,S5,38.4997,Turbocharged,5,1,0,TwoWheelDriveFront,2,2,CompactCars,0,0
333,2.5,4,M5,37.071,NaturallyAspirated,5,0,0,AllWheelDrive,2,2,CompactCars,0,1
334,2.5,4,S4,35.9226,NaturallyAspirated,4,1,0,AllWheelDrive,2,2,CompactCars,0,1
335,2.5,4,M5,34.1435,Turbocharged,5,0,0,AllWheelDrive,2,2,CompactCars,1,0
336,2.5,4,S4,32.9103,Turbocharged,4,1,0,AllWheelDrive,2,2,CompactCars,1,0
337,2.4,4,AV,42.3947,NaturallyAspirated,1,0,0,TwoWheelDriveFront,2,2,CompactCars,1,0
338,2.4,4,M6,41.3959,NaturallyAspirated,6,0,0,TwoWheelDriveFront,2,2,CompactCars,1,0
339,2.4,4,AV,40.8321,NaturallyAspirated,1,0,0,AllWheelDrive,2,2,CompactCars,1,0
340,2.4,4,AV,44.0818,NaturallyAspirated,1,0,0,TwoWheelDriveFront,2,2,CompactCars,1,0
341,2.4,4,M6,43.0035,NaturallyAspirated,6,0,0,TwoWheelDriveFront,2,2,CompactCars,1,0
342,2.4,4,AV,41.5858,NaturallyAspirated,1,0,0,AllWheelDrive,2,2,CompactCars,1,0
343,2.0,4,M6,46.3629,NaturallyAspirated,6,0,0,TwoWheelDriveFront,2,2,CompactCars,1,0
344,2.0,4,AV,45.1901,NaturallyAspirated,1,1,0,TwoWheelDriveFront,2,2,CompactCars,1,0
345,2.0,4,M6,44.708,NaturallyAspirated,6,0,0,TwoWheelDriveFront,2,2,CompactCars,1,0
346,2.0,4,AV,41.5661,NaturallyAspirated,1,1,0,TwoWheelDriveFront,2,2,CompactCars,1,0
347,1.8,4,A4,48.4,NaturallyAspirated,4,1,0,TwoWheelDriveFront,2,2,CompactCars,1,0
348,1.8,4,M5,50.0,NaturallyAspirated,5,0,0,TwoWheelDriveFront,2,2,CompactCars,1,0
349,2.4,4,M5,42.2,NaturallyAspirated,5,0,0,TwoWheelDriveFront,2,2,CompactCars,1,0
350,2.4,4,S5,42.6,NaturallyAspirated,5,1,0,TwoWheelDriveFront,2,2,CompactCars,1,0
351,2.0,4,S6,42.0,Turbocharged,6,0,0,TwoWheelDriveFront,2,2,CompactCars,1,0
352,2.0,4,M6,41.521,Turbocharged,6,0,0,TwoWheelDriveFront,2,2,CompactCars,1,0
353,3.6,6,S6,35.1,NaturallyAspirated,6,0,0,TwoWheelDriveFront,2,2,CompactCars,1,0
354,3.6,6,S6,33.5,NaturallyAspirated,6,0,0,AllWheelDrive,2,2,CompactCars,1,0
355,2.0,4,S6,60.1,Turbocharged,6,0,0,TwoWheelDriveFront,2,2,CompactCars,0,0
356,2.0,4,M6,58.535,Turbocharged,6,0,0,TwoWheelDriveFront,2,2,CompactCars,0,0
357,2.5,5,M5,39.6147,NaturallyAspirated,5,0,0,TwoWheelDriveFront,2,2,CompactCars,1,0
358,2.5,5,S6,40.2409,NaturallyAspirated,6,0,0,TwoWheelDriveFront,2,2,CompactCars,1,0
359,2.0,4,S6,43.5414,Turbocharged,6,0,0,TwoWheelDriveFront,2,2,CompactCars,1,0
360,2.0,4,M6,41.521,Turbocharged,6,0,0,TwoWheelDriveFront,2,2,CompactCars,1,0
361,2.0,4,S6,43.5414,Turbocharged,6,0,0,TwoWheelDriveFront,2,2,CompactCars,1,0
362,2.0,4,M6,41.521,Turbocharged,6,0,0,TwoWheelDriveFront,2,2,CompactCars,1,0
363,2.0,4,S6,60.1,Turbocharged,6,0,0,TwoWheelDriveFront,2,2,CompactCars,0,0
364,2.0,4,M6,58.535,Turbocharged,6,0,0,TwoWheelDriveFront,2,2,CompactCars,0,0
365,2.5,5,M5,39.5714,NaturallyAspirated,5,0,0,TwoWheelDriveFront,2,2,CompactCars,1,0
366,2.5,5,S6,40.0169,NaturallyAspirated,6,0,0,TwoWheelDriveFront,2,2,CompactCars,1,0
367,2.4,5,S5,39.348,NaturallyAspirated,5,1,0,TwoWheelDriveFront,2,2,CompactCars,1,0
368,2.4,5,M5,39.3,NaturallyAspirated,5,0,0,TwoWheelDriveFront,2,2,CompactCars,1,0
369,2.5,5,S5,40.6,Turbocharged,5,1,0,TwoWheelDriveFront,2,2,CompactCars,1,0
370,2.5,5,M6,40.4,Turbocharged,6,0,0,TwoWheelDriveFront,2,2,CompactCars,1,0
371,2.5,5,S5,37.8,Turbocharged,5,1,0,AllWheelDrive,2,2,CompactCars,1,0
372,2.5,5,M6,37.8,Turbocharged,6,0,0,AllWheelDrive,2,2,CompactCars,1,0
373,2.4,5,S5,39.348,NaturallyAspirated,5,1,0,TwoWheelDriveFront,2,2,CompactCars,1,0
374,2.4,5,M5,39.3,NaturallyAspirated,5,0,0,TwoWheelDriveFront,2,2,CompactCars,1,0
375,2.5,5,S5,40.6,Turbocharged,5,1,0,TwoWheelDriveFront,2,2,CompactCars,1,0
376,2.5,5,M6,40.4,Turbocharged,6,0,0,TwoWheelDriveFront,2,2,CompactCars,1,0
377,3.7,6,S5,30.9,NaturallyAspirated,5,1,0,AllWheelDrive,2,2,MidsizeCars,1,1
378,3.5,6,S5,36.8,NaturallyAspirated,5,1,0,TwoWheelDriveFront,2,2,MidsizeCars,1,1
379,3.7,6,S5,34.3,NaturallyAspirated,5,1,0,AllWheelDrive,2,2,MidsizeCars,1,1
380,3.7,6,M6,34.4,NaturallyAspirated,6,0,0,AllWheelDrive,2,2,MidsizeCars,1,1
381,3.2,6,AV,38.9,NaturallyAspirated,1,0,0,TwoWheelDriveFront,2,2,MidsizeCars,1,1
382,3.0,6,S6,34.7286,Supercharged,6,1,0,AllWheelDrive,2,2,MidsizeCars,1,0
383,4.2,8,S6,31.5002,NaturallyAspirated,6,1,0,AllWheelDrive,2,2,MidsizeCars,1,0
384,4.2,8,S6,31.5002,NaturallyAspirated,6,1,0,AllWheelDrive,2,2,MidsizeCars,1,0
385,5.2,10,S6,26.7,NaturallyAspirated,6,0,0,AllWheelDrive,2,2,MidsizeCars,1,0
386,6.0,12,S6,23.2715,Turbocharged,6,1,0,AllWheelDrive,2,2,MidsizeCars,1,0
387,3.0,6,S6,38.1696,NaturallyAspirated,6,1,0,TwoWheelDriveRear,2,2,MidsizeCars,1,1
388,3.0,6,M6,38.7896,NaturallyAspirated,6,0,0,TwoWheelDriveRear,2,2,MidsizeCars,1,1
389,3.0,6,S6,34.7818,NaturallyAspirated,6,1,0,AllWheelDrive,2,2,MidsizeCars,1,1
390,3.0,6,M6,35.4606,NaturallyAspirated,6,0,0,AllWheelDrive,2,2,MidsizeCars,1,1
391,3.0,6,S6,35.8831,Turbocharged,6,1,0,TwoWheelDriveRear,2,2,MidsizeCars,1,0
392,3.0,6,M6,35.7081,Turbocharged,6,0,0,TwoWheelDriveRear,2,2,MidsizeCars,1,0
393,3.0,6,S6,34.7288,Turbocharged,6,1,0,AllWheelDrive,2,2,MidsizeCars,1,0
394,3.0,6,M6,34.2853,Turbocharged,6,1,0,AllWheelDrive,2,2,MidsizeCars,1,0
395,4.8,8,M6,30.5375,NaturallyAspirated,6,1,0,TwoWheelDriveRear,2,2,MidsizeCars,1,1
396,4.8,8,S6,31.3747,NaturallyAspirated,6,1,0,TwoWheelDriveRear,2,2,MidsizeCars,1,1
397,5.0,10,M6,23.227,NaturallyAspirated,6,1,0,TwoWheelDriveRear,2,2,MidsizeCars,1,0
398,5.0,10,S7,23.6182,NaturallyAspirated,7,1,0,TwoWheelDriveRear,2,2,MidsizeCars,1,0
399,2.4,4,S6,41.69600000000001,NaturallyAspirated,6,1,0,TwoWheelDriveFront,2,2,MidsizeCars,1,0
400,3.0,6,S6,36.1,NaturallyAspirated,6,1,0,TwoWheelDriveFront,2,2,MidsizeCars,1,0
401,3.6,6,S6,38.1,NaturallyAspirated,6,1,0,TwoWheelDriveFront,2,2,MidsizeCars,1,0
402,3.0,6,S6,34.4,NaturallyAspirated,6,1,0,TwoWheelDriveFront,2,2,MidsizeCars,1,0
403,3.0,6,S6,38.3,NaturallyAspirated,6,1,0,TwoWheelDriveRear,2,2,MidsizeCars,1,0
404,3.0,6,M6,36.0,NaturallyAspirated,6,0,0,TwoWheelDriveRear,2,2,MidsizeCars,1,0
405,3.6,6,M6,34.9,NaturallyAspirated,6,0,0,TwoWheelDriveRear,2,2,MidsizeCars,1,0
406,3.6,6,S6,40.0,NaturallyAspirated,6,1,0,TwoWheelDriveRear,2,2,MidsizeCars,1,0
407,6.2,8,S6,24.9754,Supercharged,6,1,0,TwoWheelDriveRear,1,1,MidsizeCars,0,0
408,6.2,8,M6,26.2999,Supercharged,6,0,0,TwoWheelDriveRear,1,1,MidsizeCars,0,0
409,3.0,6,S6,36.1,NaturallyAspirated,6,1,0,AllWheelDrive,2,2,MidsizeCars,1,0
410,3.6,6,S6,37.2,NaturallyAspirated,6,1,0,AllWheelDrive,2,2,MidsizeCars,1,0
411,3.6,6,S6,40.0,NaturallyAspirated,6,1,0,TwoWheelDriveRear,2,2,MidsizeCars,1,0
412,4.6,8,S6,34.1,NaturallyAspirated,6,1,0,TwoWheelDriveRear,2,2,MidsizeCars,0,0
413,3.6,6,S6,37.2,NaturallyAspirated,6,1,0,AllWheelDrive,2,2,MidsizeCars,1,0
414,4.6,8,S6,30.2999,NaturallyAspirated,6,1,0,AllWheelDrive,2,2,MidsizeCars,0,0
415,2.4,4,A4,42.8,NaturallyAspirated,4,1,0,TwoWheelDriveFront,2,2,MidsizeCars,1,0
416,2.4,4,S6,46.9,NaturallyAspirated,6,1,0,TwoWheelDriveFront,2,2,MidsizeCars,1,0
417,2.4,4,A4,42.6,NaturallyAspirated,4,1,0,TwoWheelDriveFront,2,2,MidsizeCars,1,0
418,2.4,4,S6,46.8,NaturallyAspirated,6,1,0,TwoWheelDriveFront,2,2,MidsizeCars,1,0
419,3.5,6,A4,40.3,NaturallyAspirated,4,1,0,TwoWheelDriveFront,1,1,MidsizeCars,1,0
420,3.5,6,A4,41.2,NaturallyAspirated,4,1,0,TwoWheelDriveFront,1,1,MidsizeCars,1,0
421,3.6,6,S6,35.6,NaturallyAspirated,6,1,0,TwoWheelDriveFront,2,2,MidsizeCars,1,0
422,2.4,4,A4,48.1,NaturallyAspirated,4,1,0,TwoWheelDriveFront,2,2,MidsizeCars,1,0
423,2.4,4,A4,41.6998,NaturallyAspirated,4,1,0,TwoWheelDriveFront,2,2,MidsizeCars,1,0
424,2.7,6,A4,38.3,NaturallyAspirated,4,1,0,TwoWheelDriveFront,2,2,MidsizeCars,0,0
425,3.5,6,A6,37.6,NaturallyAspirated,6,1,0,TwoWheelDriveFront,2,2,MidsizeCars,0,0
426,2.4,4,A4,41.6998,NaturallyAspirated,4,1,0,TwoWheelDriveFront,2,2,MidsizeCars,1,0
427,2.7,6,A4,38.3,NaturallyAspirated,4,1,0,TwoWheelDriveFront,2,2,MidsizeCars,0,0
428,3.5,6,A6,37.6,NaturallyAspirated,6,1,0,TwoWheelDriveFront,2,2,MidsizeCars,0,0
429,5.7,12,AM6,21.7,NaturallyAspirated,6,0,0,TwoWheelDriveRear,2,2,MidsizeCars,1,0
430,5.7,12,M6,21.3,NaturallyAspirated,6,0,0,TwoWheelDriveRear,2,2,MidsizeCars,1,0
431,3.5,6,S6,33.5,NaturallyAspirated,6,1,1,FourWheelDrive,2,2,MidsizeCars,1,0
432,3.0,6,S6,35.4655,NaturallyAspirated,6,1,1,FourWheelDrive,2,2,MidsizeCars,1,0
433,2.5,4,A6,42.908,NaturallyAspirated,6,1,0,TwoWheelDriveFront,2,2,MidsizeCars,1,0
434,2.5,4,M6,40.2,NaturallyAspirated,6,0,0,TwoWheelDriveFront,2,2,MidsizeCars,1,0
435,3.0,6,A6,37.9,NaturallyAspirated,6,1,1,TwoWheelDriveFront,2,2,MidsizeCars,1,0
436,3.5,6,S6,37.4,NaturallyAspirated,6,1,1,TwoWheelDriveFront,2,2,MidsizeCars,1,0
437,2.5,4,AV,51.6,NaturallyAspirated,1,0,0,TwoWheelDriveFront,2,2,MidsizeCars,1,0
438,2.5,4,M6,44.2,NaturallyAspirated,6,0,1,TwoWheelDriveFront,2,2,MidsizeCars,1,0
439,2.5,4,A6,47.6493,NaturallyAspirated,6,1,0,TwoWheelDriveFront,2,2,MidsizeCars,1,0
440,2.0,4,A4,47.7,NaturallyAspirated,4,1,0,TwoWheelDriveFront,2,2,MidsizeCars,1,0
441,2.0,4,M5,48.2,NaturallyAspirated,5,0,0,TwoWheelDriveFront,2,2,MidsizeCars,1,0
442,2.0,4,M5,49.217,NaturallyAspirated,5,0,0,TwoWheelDriveFront,2,2,MidsizeCars,1,0
443,3.7,6,M6,34.7305,NaturallyAspirated,6,0,0,TwoWheelDriveRear,2,2,MidsizeCars,1,1
444,3.7,6,S7,37.065,NaturallyAspirated,7,1,0,TwoWheelDriveRear,2,2,MidsizeCars,1,1
445,3.7,6,S7,35.162,NaturallyAspirated,7,1,0,FourWheelDrive,2,2,MidsizeCars,1,1
446,4.2,8,S6,34.4855,NaturallyAspirated,6,1,0,TwoWheelDriveRear,2,2,MidsizeCars,1,0
447,5.0,8,S6,29.7559,Supercharged,6,1,0,TwoWheelDriveRear,2,2,MidsizeCars,1,0
448,5.0,8,S6,32.6701,NaturallyAspirated,6,1,0,TwoWheelDriveRear,2,2,MidsizeCars,1,1
449,2.4,4,A5,44.6,NaturallyAspirated,5,1,0,TwoWheelDriveFront,2,2,MidsizeCars,1,0
450,2.4,4,M5,44.6,NaturallyAspirated,5,0,0,TwoWheelDriveFront,2,2,MidsizeCars,1,0
451,2.7,6,A5,39.8,NaturallyAspirated,5,1,0,TwoWheelDriveFront,2,2,MidsizeCars,1,0
452,3.5,6,S6,38.3,NaturallyAspirated,6,1,0,TwoWheelDriveFront,2,2,MidsizeCars,1,0
453,3.5,6,S6,36.5564,NaturallyAspirated,6,1,0,TwoWheelDriveRear,2,2,MidsizeCars,1,0
454,3.5,6,S6,34.7494,NaturallyAspirated,6,1,0,AllWheelDrive,2,2,MidsizeCars,1,0
455,4.6,8,S8,34.0499,NaturallyAspirated,8,1,0,TwoWheelDriveRear,2,2,MidsizeCars,1,0
456,4.6,8,S8,33.5509,NaturallyAspirated,8,1,0,TwoWheelDriveRear,2,2,MidsizeCars,1,0
457,4.6,8,S8,32.1499,NaturallyAspirated,8,1,0,AllWheelDrive,2,2,MidsizeCars,1,0
458,4.6,8,S8,33.5509,NaturallyAspirated,8,1,0,TwoWheelDriveRear,2,2,MidsizeCars,1,0
459,4.6,8,S8,32.1499,NaturallyAspirated,8,1,0,AllWheelDrive,2,2,MidsizeCars,1,0
460,5.0,8,Other,30.3,NaturallyAspirated,1,0,0,AllWheelDrive,2,2,MidsizeCars,1,0
461,3.0,6,S6,35.4655,NaturallyAspirated,6,1,1,FourWheelDrive,2,2,MidsizeCars,1,0
462,2.5,4,A6,42.908,NaturallyAspirated,6,1,0,TwoWheelDriveFront,2,2,MidsizeCars,1,0
463,2.5,4,M6,40.2,NaturallyAspirated,6,0,1,TwoWheelDriveFront,2,2,MidsizeCars,1,0
464,3.0,6,A6,37.9,NaturallyAspirated,6,1,1,TwoWheelDriveFront,2,2,MidsizeCars,1,0
465,2.5,4,AV,51.6,NaturallyAspirated,1,0,0,TwoWheelDriveFront,2,2,MidsizeCars,1,0
466,2.5,4,A6,47.6493,NaturallyAspirated,6,1,1,TwoWheelDriveFront,2,2,MidsizeCars,1,0
467,2.5,4,M6,44.2,NaturallyAspirated,6,0,1,TwoWheelDriveFront,2,2,MidsizeCars,1,0
468,3.5,6,S6,33.5,NaturallyAspirated,6,1,0,AllWheelDrive,2,2,MidsizeCars,1,0
469,3.5,6,S6,37.4,NaturallyAspirated,6,1,0,TwoWheelDriveFront,2,2,MidsizeCars,1,0
470,2.5,4,M6,40.1931,NaturallyAspirated,6,0,0,TwoWheelDriveFront,2,2,MidsizeCars,1,0
471,2.5,4,S5,41.6642,NaturallyAspirated,5,1,0,TwoWheelDriveFront,2,2,MidsizeCars,1,0
472,3.7,6,S6,34.8235,NaturallyAspirated,6,1,0,TwoWheelDriveFront,2,2,MidsizeCars,1,0
473,2.3,4,M6,34.7,Turbocharged,6,0,0,TwoWheelDriveFront,2,2,MidsizeCars,1,0
474,3.5,6,A7,36.2,NaturallyAspirated,7,1,0,TwoWheelDriveRear,2,2,MidsizeCars,1,0
475,3.5,6,A7,33.2,NaturallyAspirated,7,1,0,FourWheelDrive,2,2,MidsizeCars,1,0
476,5.5,8,A7,33.0,NaturallyAspirated,7,1,0,TwoWheelDriveRear,2,2,MidsizeCars,1,0
477,5.5,8,A7,32.3,NaturallyAspirated,7,1,0,FourWheelDrive,2,2,MidsizeCars,1,0
478,6.3,8,A7,27.1158,NaturallyAspirated,7,1,0,TwoWheelDriveRear,2,2,MidsizeCars,1,0
479,2.4,4,S4,42.2146,NaturallyAspirated,4,1,0,TwoWheelDriveFront,2,2,MidsizeCars,0,1
480,2.5,4,AV,45.6729,NaturallyAspirated,1,1,0,TwoWheelDriveFront,2,2,MidsizeCars,1,0
481,3.5,6,M6,37.9499,NaturallyAspirated,6,0,0,TwoWheelDriveFront,2,2,MidsizeCars,1,0
482,3.5,6,AVS6,38.0347,NaturallyAspirated,1,1,0,TwoWheelDriveFront,2,2,MidsizeCars,1,0
483,2.5,4,AV,46.6,NaturallyAspirated,1,1,0,TwoWheelDriveFront,2,2,MidsizeCars,1,0
484,3.5,6,AVS6,36.4102,NaturallyAspirated,1,1,0,TwoWheelDriveFront,2,2,MidsizeCars,1,0
485,2.0,4,M6,43.0,NaturallyAspirated,6,0,0,TwoWheelDriveFront,2,2,MidsizeCars,1,0
486,2.0,4,AV,47.5129,NaturallyAspirated,1,1,0,TwoWheelDriveFront,2,2,MidsizeCars,1,0
487,2.5,4,M6,39.6,NaturallyAspirated,6,0,0,TwoWheelDriveFront,2,2,MidsizeCars,1,0
488,2.5,4,AVS6,42.6998,NaturallyAspirated,1,1,0,TwoWheelDriveFront,2,2,MidsizeCars,1,0
489,1.6,4,A4,46.5,NaturallyAspirated,4,1,0,TwoWheelDriveFront,2,2,MidsizeCars,1,0
490,1.6,4,M5,47.3,NaturallyAspirated,5,0,0,TwoWheelDriveFront,2,2,MidsizeCars,1,0
491,1.8,4,AV,47.5,NaturallyAspirated,1,1,0,TwoWheelDriveFront,2,2,MidsizeCars,1,0
492,1.8,4,A4,44.9,NaturallyAspirated,4,1,0,TwoWheelDriveFront,2,2,MidsizeCars,1,0
493,1.8,4,M6,44.2,NaturallyAspirated,6,0,0,TwoWheelDriveFront,2,2,MidsizeCars,1,0
494,6.7,12,S6,24.2,NaturallyAspirated,6,1,0,TwoWheelDriveRear,2,2,MidsizeCars,1,0
495,2.8,6,S6,37.1185,Turbocharged,6,0,0,AllWheelDrive,2,2,MidsizeCars,1,0
496,2.4,4,S6,46.9,NaturallyAspirated,6,1,0,TwoWheelDriveFront,2,2,MidsizeCars,1,0
497,2.4,4,S6,46.8,NaturallyAspirated,6,1,0,TwoWheelDriveFront,2,2,MidsizeCars,1,0
498,3.6,6,S6,35.6,NaturallyAspirated,6,1,0,TwoWheelDriveFront,2,2,MidsizeCars,1,0
499,2.5,4,M6,37.0574,NaturallyAspirated,6,0,0,AllWheelDrive,2,2,MidsizeCars,0,1
500,2.5,4,M6,34.6,Turbocharged,6,0,0,AllWheelDrive,2,2,MidsizeCars,1,0
501,2.5,4,AV,42.9215,NaturallyAspirated,1,1,0,AllWheelDrive,2,2,MidsizeCars,0,1
502,3.6,6,S5,34.2708,NaturallyAspirated,5,1,0,AllWheelDrive,2,2,MidsizeCars,0,1
503,2.5,4,M6,46.8,NaturallyAspirated,6,0,0,TwoWheelDriveFront,2,2,MidsizeCars,1,0
504,2.5,4,S6,45.0566,NaturallyAspirated,6,1,0,TwoWheelDriveFront,2,2,MidsizeCars,1,0
505,3.5,6,S6,39.8,NaturallyAspirated,6,1,0,TwoWheelDriveFront,2,2,MidsizeCars,1,0
506,2.4,4,AV,48.2,NaturallyAspirated,1,0,0,TwoWheelDriveFront,2,2,MidsizeCars,1,0
507,1.8,4,AV,69.6404,NaturallyAspirated,1,0,0,TwoWheelDriveFront,2,2,MidsizeCars,1,0
508,2.0,4,S6,42.0,Turbocharged,6,0,0,TwoWheelDriveFront,2,2,MidsizeCars,1,0
509,3.0,6,S6,32.0,Turbocharged,6,1,0,AllWheelDrive,2,2,MidsizeCars,1,0
510,4.4,8,S6,30.8,NaturallyAspirated,6,1,0,AllWheelDrive,2,2,MidsizeCars,1,0
511,3.2,6,S6,36.4,NaturallyAspirated,6,1,0,TwoWheelDriveFront,2,2,MidsizeCars,1,0
512,4.2,8,S6,31.5002,NaturallyAspirated,6,1,0,AllWheelDrive,2,2,LargeCars,1,0
513,3.0,6,S8,39.4937,Turbocharged,8,1,0,TwoWheelDriveRear,2,2,LargeCars,1,1
514,4.4,8,S8,30.9537,Turbocharged,8,1,0,TwoWheelDriveRear,2,2,LargeCars,1,0
515,4.4,8,S8,30.562,Turbocharged,8,1,0,AllWheelDrive,2,2,LargeCars,1,0
516,4.4,8,S6,30.1726,Turbocharged,6,1,0,TwoWheelDriveRear,2,2,LargeCars,1,0
517,4.4,8,S6,27.7,Turbocharged,6,1,0,AllWheelDrive,2,2,LargeCars,1,0
518,4.4,8,S6,29.4521,Turbocharged,6,1,0,TwoWheelDriveRear,2,2,LargeCars,1,0
519,4.4,8,S6,27.7,Turbocharged,6,1,0,AllWheelDrive,2,2,LargeCars,1,0
520,6.0,12,S8,26.7495,Turbocharged,8,1,0,TwoWheelDriveRear,2,2,LargeCars,1,0
521,3.9,6,A4,37.3,NaturallyAspirated,4,1,0,TwoWheelDriveFront,1,1,LargeCars,1,0
522,3.9,6,A4,36.6,NaturallyAspirated,4,1,0,TwoWheelDriveFront,1,1,LargeCars,1,0
523,4.6,8,A4,31.9,NaturallyAspirated,4,1,0,TwoWheelDriveFront,2,2,LargeCars,0,0
524,4.6,8,A4,31.9,NaturallyAspirated,4,1,0,TwoWheelDriveFront,2,2,LargeCars,0,0
525,4.6,8,A4,31.9,NaturallyAspirated,4,1,0,TwoWheelDriveFront,2,2,LargeCars,0,0
526,4.6,8,A4,22.7,NaturallyAspirated,4,1,0,TwoWheelDriveFront,2,2,LargeCars,0,0
527,4.6,8,A4,24.5,NaturallyAspirated,4,1,0,TwoWheelDriveFront,2,2,LargeCars,0,0
528,3.5,6,A4,40.3,NaturallyAspirated,4,1,0,TwoWheelDriveFront,1,1,LargeCars,1,0
529,3.5,6,A4,41.2,NaturallyAspirated,4,1,0,TwoWheelDriveFront,1,1,LargeCars,1,0
530,3.9,6,A4,37.3,NaturallyAspirated,4,1,0,TwoWheelDriveFront,1,1,LargeCars,1,0
531,3.5,6,A5,32.1,NaturallyAspirated,5,1,0,AllWheelDrive,2,2,LargeCars,0,0
532,5.7,8,A5,31.9,NaturallyAspirated,5,1,0,AllWheelDrive,1,1,LargeCars,1,0
533,2.7,6,A4,35.7,NaturallyAspirated,4,1,0,TwoWheelDriveRear,2,2,LargeCars,0,0
534,3.5,6,A4,34.2,NaturallyAspirated,4,1,0,TwoWheelDriveRear,2,2,LargeCars,0,0
535,5.7,8,A5,34.5,NaturallyAspirated,5,1,0,TwoWheelDriveRear,1,1,LargeCars,1,0
536,6.1,8,A5,26.0,NaturallyAspirated,5,1,0,TwoWheelDriveRear,1,1,LargeCars,0,0
537,2.7,6,A4,35.7,NaturallyAspirated,4,1,0,TwoWheelDriveRear,2,2,LargeCars,0,0
538,3.5,6,A4,34.2,NaturallyAspirated,4,1,0,TwoWheelDriveRear,2,2,LargeCars,0,0
539,5.7,8,A5,34.5,NaturallyAspirated,5,1,0,TwoWheelDriveRear,1,1,LargeCars,1,0
540,6.1,8,A5,26.0,NaturallyAspirated,5,1,0,TwoWheelDriveRear,1,1,LargeCars,0,0
541,3.5,6,A5,32.1,NaturallyAspirated,5,1,0,AllWheelDrive,2,2,LargeCars,0,0
542,5.7,8,A5,31.9,NaturallyAspirated,5,1,0,AllWheelDrive,1,1,LargeCars,1,0
543,4.6,8,A4,33.3052,NaturallyAspirated,4,1,1,TwoWheelDriveRear,1,1,LargeCars,0,0
544,3.5,6,S6,34.9,NaturallyAspirated,6,1,1,FourWheelDrive,2,2,LargeCars,1,0
545,3.5,6,A6,34.7,Turbocharged,6,1,1,AllWheelDrive,2,2,LargeCars,1,0
546,3.5,6,S6,37.4,NaturallyAspirated,6,1,0,TwoWheelDriveFront,2,2,LargeCars,1,0
547,3.5,6,A6,27.8,NaturallyAspirated,6,1,0,TwoWheelDriveFront,2,2,LargeCars,1,0
548,2.4,4,M5,43.1043,NaturallyAspirated,5,0,0,TwoWheelDriveFront,2,2,LargeCars,1,1
549,2.4,4,A5,43.2916,NaturallyAspirated,5,1,0,TwoWheelDriveFront,2,2,LargeCars,1,1
550,3.5,6,A5,41.2,NaturallyAspirated,5,1,0,TwoWheelDriveFront,2,2,LargeCars,1,1
551,3.3,6,A5,36.2,NaturallyAspirated,5,1,0,TwoWheelDriveFront,2,2,LargeCars,1,0
552,3.8,6,A5,35.6,NaturallyAspirated,5,1,0,TwoWheelDriveFront,2,2,LargeCars,1,0
553,3.8,6,A6,38.3,NaturallyAspirated,6,1,0,TwoWheelDriveRear,2,2,LargeCars,1,0
554,4.6,8,A6,34.2,NaturallyAspirated,6,1,0,TwoWheelDriveRear,2,2,LargeCars,1,0
555,2.4,4,A5,44.4,NaturallyAspirated,5,1,0,TwoWheelDriveFront,2,2,LargeCars,1,0
556,2.4,4,M5,44.8,NaturallyAspirated,5,0,0,TwoWheelDriveFront,2,2,LargeCars,1,0
557,3.3,6,A5,40.1,NaturallyAspirated,5,1,0,TwoWheelDriveFront,2,2,LargeCars,1,0
558,3.5,6,S7,34.1997,NaturallyAspirated,7,1,0,TwoWheelDriveRear,2,2,LargeCars,1,0
559,3.5,6,S5,30.5499,NaturallyAspirated,5,1,0,AllWheelDrive,2,2,LargeCars,1,0
560,4.5,8,S5,29.6,NaturallyAspirated,5,1,0,TwoWheelDriveRear,2,2,LargeCars,1,0
561,4.5,8,S5,27.2,NaturallyAspirated,5,1,0,AllWheelDrive,2,2,LargeCars,1,0
562,5.0,8,S6,29.7559,Supercharged,6,1,0,TwoWheelDriveRear,2,2,LargeCars,1,0
563,5.0,8,S6,32.6701,NaturallyAspirated,6,1,0,TwoWheelDriveRear,2,2,LargeCars,1,1
564,5.0,8,S6,31.0736,NaturallyAspirated,6,1,0,TwoWheelDriveRear,2,2,LargeCars,1,1
565,4.6,8,A4,33.3052,NaturallyAspirated,4,1,1,TwoWheelDriveRear,1,1,LargeCars,0,0
566,3.5,6,A6,31.5,NaturallyAspirated,6,1,1,FourWheelDrive,2,2,LargeCars,1,0
567,3.5,6,A6,34.7,Turbocharged,6,1,1,FourWheelDrive,2,2,LargeCars,1,0
568,3.5,6,A6,33.0,NaturallyAspirated,6,1,1,TwoWheelDriveFront,2,2,LargeCars,1,0
569,4.6,8,A4,33.3052,NaturallyAspirated,4,1,1,TwoWheelDriveRear,1,1,LargeCars,0,0
570,4.2,8,A6,24.1837,NaturallyAspirated,6,0,0,TwoWheelDriveRear,2,2,LargeCars,1,0
571,4.7,8,A6,25.5102,NaturallyAspirated,6,0,0,TwoWheelDriveRear,2,2,LargeCars,1,0
572,5.5,12,A5,21.4,Turbocharged,5,1,0,TwoWheelDriveRear,2,1,LargeCars,1,0
573,6.0,12,A5,21.4,Turbocharged,5,1,0,TwoWheelDriveRear,2,1,LargeCars,1,0
574,6.0,12,A5,21.7,Turbocharged,5,1,0,TwoWheelDriveRear,2,1,LargeCars,1,0
575,5.5,8,A7,32.0,NaturallyAspirated,7,1,0,TwoWheelDriveRear,2,2,LargeCars,1,0
576,5.5,8,A7,29.8,NaturallyAspirated,7,1,0,FourWheelDrive,2,2,LargeCars,1,0
577,5.5,12,A5,23.9,Turbocharged,5,1,0,TwoWheelDriveRear,2,1,LargeCars,1,0
578,6.3,8,A7,24.6,NaturallyAspirated,7,1,0,TwoWheelDriveRear,2,2,LargeCars,1,0
579,6.0,12,A5,23.1,Turbocharged,5,1,0,TwoWheelDriveRear,2,1,LargeCars,1,0
580,3.5,6,A7,35.0,NaturallyAspirated,7,1,0,TwoWheelDriveRear,2,2,LargeCars,1,0
581,4.8,8,A7,33.2603,NaturallyAspirated,7,1,0,AllWheelDrive,2,2,LargeCars,1,1
582,4.8,8,A7,33.2603,NaturallyAspirated,7,1,0,TwoWheelDriveRear,2,2,LargeCars,1,1
583,4.8,8,A7,32.0263,Turbocharged,7,1,0,AllWheelDrive,2,2,LargeCars,1,1
584,6.6,12,S8,27.3,Turbocharged,8,1,0,TwoWheelDriveRear,2,2,LargeCars,1,0
585,6.7,12,S6,24.2,NaturallyAspirated,6,1,0,TwoWheelDriveRear,2,2,LargeCars,1,0
586,3.5,6,S6,39.8,NaturallyAspirated,6,1,0,TwoWheelDriveFront,2,2,LargeCars,1,0
587,2.0,4,M6,40.4003,Turbocharged,6,0,0,TwoWheelDriveFront,2,2,SmallStationWagons,1,0
588,2.0,4,S6,38.8702,Turbocharged,6,0,0,TwoWheelDriveFront,2,2,SmallStationWagons,1,0
589,2.0,4,S6,60.1,Turbocharged,6,0,0,TwoWheelDriveFront,2,2,SmallStationWagons,0,0
590,2.0,4,S6,37.1,Turbocharged,6,0,0,AllWheelDrive,2,2,SmallStationWagons,1,0
591,2.0,4,S6,37.7989,Turbocharged,6,1,0,AllWheelDrive,2,2,SmallStationWagons,1,1
592,3.0,6,S6,38.1696,NaturallyAspirated,6,1,0,TwoWheelDriveRear,2,2,SmallStationWagons,1,1
593,3.0,6,M6,36.798,NaturallyAspirated,6,1,0,TwoWheelDriveRear,2,2,SmallStationWagons,1,1
594,3.0,6,S6,35.5404,NaturallyAspirated,6,1,0,AllWheelDrive,2,2,SmallStationWagons,1,1
595,3.0,6,M6,35.4606,NaturallyAspirated,6,0,0,AllWheelDrive,2,2,SmallStationWagons,1,1
596,3.0,6,S6,38.3,NaturallyAspirated,6,1,0,TwoWheelDriveRear,2,2,SmallStationWagons,1,0
597,3.6,6,S6,37.0,NaturallyAspirated,6,1,0,TwoWheelDriveRear,2,2,SmallStationWagons,1,0
598,3.0,6,S6,36.1,NaturallyAspirated,6,1,0,AllWheelDrive,2,2,SmallStationWagons,1,0
599,3.6,6,S6,37.2,NaturallyAspirated,6,1,0,AllWheelDrive,2,2,SmallStationWagons,1,0
600,2.0,4,M5,43.9,NaturallyAspirated,5,0,0,TwoWheelDriveFront,2,2,SmallStationWagons,1,0
601,2.0,4,AV,38.0,NaturallyAspirated,1,1,0,TwoWheelDriveFront,2,2,SmallStationWagons,1,0
602,2.4,4,AV,35.3,NaturallyAspirated,1,1,0,TwoWheelDriveFront,2,2,SmallStationWagons,1,0
603,2.4,4,M5,40.1,NaturallyAspirated,5,0,0,TwoWheelDriveFront,2,2,SmallStationWagons,1,0
604,1.5,4,M5,46.2622,NaturallyAspirated,5,0,0,TwoWheelDriveFront,2,2,SmallStationWagons,1,0
605,1.5,4,A5,49.3,NaturallyAspirated,5,1,0,TwoWheelDriveFront,2,2,SmallStationWagons,1,0
606,1.5,4,S5,47.4,NaturallyAspirated,5,1,0,TwoWheelDriveFront,2,2,SmallStationWagons,1,0
607,2.0,4,A4,42.6,NaturallyAspirated,4,1,0,TwoWheelDriveFront,2,2,SmallStationWagons,1,0
608,2.0,4,M5,43.5,NaturallyAspirated,5,0,0,TwoWheelDriveFront,2,2,SmallStationWagons,1,0
609,3.5,6,S5,33.3,NaturallyAspirated,5,1,0,TwoWheelDriveRear,2,2,SmallStationWagons,1,0
610,3.5,6,S5,32.349000000000004,NaturallyAspirated,5,1,0,AllWheelDrive,2,2,SmallStationWagons,1,0
611,1.6,4,A4,43.5,NaturallyAspirated,4,1,0,TwoWheelDriveFront,2,2,SmallStationWagons,1,0
612,1.6,4,M5,44.2,NaturallyAspirated,5,0,0,TwoWheelDriveFront,2,2,SmallStationWagons,1,0
613,2.0,4,A4,41.8,NaturallyAspirated,4,1,1,TwoWheelDriveFront,2,2,SmallStationWagons,1,0
614,2.0,4,M5,42.8,NaturallyAspirated,5,0,0,TwoWheelDriveFront,2,2,SmallStationWagons,1,0
615,2.0,4,AM6,34.7,Turbocharged,6,1,0,AllWheelDrive,2,2,SmallStationWagons,1,0
616,2.4,4,M5,37.2218,NaturallyAspirated,5,0,0,TwoWheelDriveFront,2,2,SmallStationWagons,1,0
617,2.4,4,AVS6,37.4911,NaturallyAspirated,1,0,0,TwoWheelDriveFront,2,2,SmallStationWagons,1,0
618,1.8,4,M6,41.799,NaturallyAspirated,6,0,0,TwoWheelDriveFront,2,2,SmallStationWagons,1,0
619,1.8,4,AV,43.2609,NaturallyAspirated,1,1,0,TwoWheelDriveFront,2,2,SmallStationWagons,1,0
620,1.8,4,A4,43.7,NaturallyAspirated,4,1,0,TwoWheelDriveFront,2,2,SmallStationWagons,1,0
621,1.8,4,M5,44.8,NaturallyAspirated,5,0,0,TwoWheelDriveFront,2,2,SmallStationWagons,1,0
622,2.4,4,S5,40.0,NaturallyAspirated,5,1,0,TwoWheelDriveFront,2,2,SmallStationWagons,1,0
623,2.4,4,M5,38.6,NaturallyAspirated,5,0,0,TwoWheelDriveFront,2,2,SmallStationWagons,1,0
624,2.4,4,A4,35.5877,NaturallyAspirated,4,1,0,AllWheelDrive,2,2,SmallStationWagons,1,0
625,2.0,4,S5,37.5,Turbocharged,5,1,0,TwoWheelDriveFront,2,2,SmallStationWagons,0,0
626,2.0,4,M6,43.1,Turbocharged,6,0,0,TwoWheelDriveFront,2,2,SmallStationWagons,0,0
627,2.0,4,M6,41.0456,Turbocharged,6,0,0,AllWheelDrive,2,2,SmallStationWagons,0,0
628,2.0,4,S6,38.4627,Turbocharged,6,1,0,AllWheelDrive,2,2,SmallStationWagons,0,0
629,2.0,4,S5,38.2,Turbocharged,5,1,0,AllWheelDrive,2,2,SmallStationWagons,0,0
630,2.5,4,M5,37.071,NaturallyAspirated,5,0,0,AllWheelDrive,2,2,SmallStationWagons,0,1
631,2.5,4,S4,35.9226,NaturallyAspirated,4,1,0,AllWheelDrive,2,2,SmallStationWagons,0,1
632,2.5,4,M5,34.1435,Turbocharged,5,0,0,AllWheelDrive,2,2,SmallStationWagons,1,0
633,2.5,4,S4,32.9103,Turbocharged,4,1,0,AllWheelDrive,2,2,SmallStationWagons,1,0
634,2.5,4,M6,31.8,Turbocharged,6,0,0,AllWheelDrive,2,2,SmallStationWagons,1,0
635,2.0,4,M6,42.3461,NaturallyAspirated,6,0,0,TwoWheelDriveFront,2,2,SmallStationWagons,1,0
636,2.0,4,AV,41.5661,NaturallyAspirated,1,1,0,TwoWheelDriveFront,2,2,SmallStationWagons,1,0
637,2.0,4,M6,41.7078,NaturallyAspirated,6,0,0,AllWheelDrive,2,2,SmallStationWagons,1,0
638,2.0,4,AV,40.2345,NaturallyAspirated,1,1,0,AllWheelDrive,2,2,SmallStationWagons,1,0
639,1.8,4,A4,43.629,NaturallyAspirated,4,1,0,TwoWheelDriveFront,2,2,SmallStationWagons,1,0
640,1.8,4,M5,44.7393,NaturallyAspirated,5,0,0,TwoWheelDriveFront,2,2,SmallStationWagons,1,0
641,2.4,4,A4,36.1596,NaturallyAspirated,4,1,0,AllWheelDrive,2,2,SmallStationWagons,1,0
642,2.4,4,M5,38.9575,NaturallyAspirated,5,0,0,TwoWheelDriveFront,2,2,SmallStationWagons,1,0
643,2.4,4,S5,40.2796,NaturallyAspirated,5,1,0,TwoWheelDriveFront,2,2,SmallStationWagons,1,0
644,2.4,4,M5,38.7,NaturallyAspirated,5,0,0,TwoWheelDriveFront,2,2,SmallStationWagons,1,0
645,2.4,4,S4,38.7,NaturallyAspirated,4,1,0,TwoWheelDriveFront,2,2,SmallStationWagons,1,0
646,2.0,4,S6,60.1,Turbocharged,6,0,0,TwoWheelDriveFront,2,2,SmallStationWagons,0,0
647,2.0,4,M6,58.535,Turbocharged,6,0,0,TwoWheelDriveFront,2,2,SmallStationWagons,0,0
648,2.5,5,M5,39.5714,NaturallyAspirated,5,0,0,TwoWheelDriveFront,2,2,SmallStationWagons,1,0
649,2.5,5,S6,40.0169,NaturallyAspirated,6,0,0,TwoWheelDriveFront,2,2,SmallStationWagons,1,0
650,2.5,5,S5,37.6,Turbocharged,5,1,0,AllWheelDrive,2,2,SmallStationWagons,1,0
651,2.5,5,M6,37.5,Turbocharged,6,0,0,AllWheelDrive,2,2,SmallStationWagons,1,0
652,2.4,5,S5,39.348,NaturallyAspirated,5,1,0,TwoWheelDriveFront,2,2,SmallStationWagons,1,0
653,2.5,5,M6,40.4,Turbocharged,6,0,0,TwoWheelDriveFront,2,2,SmallStationWagons,1,0
654,2.5,5,S5,40.6,Turbocharged,5,1,0,TwoWheelDriveFront,2,2,SmallStationWagons,1,0
655,3.0,6,S6,34.7286,Supercharged,6,1,0,AllWheelDrive,2,2,Other,1,0
656,3.0,6,M6,32.5289,Turbocharged,6,0,0,AllWheelDrive,2,2,Other,1,0
657,3.0,6,S6,33.7229,Turbocharged,6,1,0,AllWheelDrive,2,2,Other,1,0
658,2.4,4,A4,37.0711,NaturallyAspirated,4,1,0,TwoWheelDriveFront,2,2,Other,1,0
659,2.7,6,A5,35.9,NaturallyAspirated,5,1,0,TwoWheelDriveFront,2,2,Other,1,0
660,2.0,4,S6,42.0,Turbocharged,6,0,0,TwoWheelDriveFront,2,2,Other,1,0
661,3.2,6,S6,36.4,NaturallyAspirated,6,1,0,TwoWheelDriveFront,2,2,Other,1,0
662,2.9,4,A4,34.1514,NaturallyAspirated,4,1,0,TwoWheelDriveRear,2,2,SmallPickupTrucks2WD,0,0
663,2.9,4,M5,35.3237,NaturallyAspirated,5,0,0,TwoWheelDriveRear,2,2,SmallPickupTrucks2WD,0,0
664,3.7,5,A4,31.8217,NaturallyAspirated,4,1,0,TwoWheelDriveRear,2,2,SmallPickupTrucks2WD,0,0
665,5.3,8,A4,27.9,NaturallyAspirated,4,1,0,TwoWheelDriveRear,1,1,SmallPickupTrucks2WD,1,0
666,3.7,5,A4,27.0,NaturallyAspirated,4,1,0,TwoWheelDriveRear,2,2,SmallPickupTrucks2WD,0,0
667,2.9,4,A4,34.3,NaturallyAspirated,4,1,0,TwoWheelDriveRear,2,2,SmallPickupTrucks2WD,0,0
668,2.9,4,M5,35.5,NaturallyAspirated,5,0,0,TwoWheelDriveRear,2,2,SmallPickupTrucks2WD,0,0
669,3.7,5,A4,31.6,NaturallyAspirated,4,1,0,TwoWheelDriveRear,2,2,SmallPickupTrucks2WD,0,0
670,5.3,8,A4,27.9,NaturallyAspirated,4,1,0,TwoWheelDriveRear,1,1,SmallPickupTrucks2WD,1,0
671,2.3,4,A5,32.8232,NaturallyAspirated,5,1,1,TwoWheelDriveRear,2,2,SmallPickupTrucks2WD,0,0
672,2.3,4,M5,37.7,NaturallyAspirated,5,0,1,TwoWheelDriveRear,2,2,SmallPickupTrucks2WD,0,0
673,4.0,6,M5,28.6,NaturallyAspirated,5,0,1,TwoWheelDriveRear,1,1,SmallPickupTrucks2WD,0,0
674,4.0,6,A5,28.5,NaturallyAspirated,5,1,1,TwoWheelDriveRear,1,1,SmallPickupTrucks2WD,0,0
675,2.9,4,A4,34.1796,NaturallyAspirated,4,1,0,TwoWheelDriveRear,2,2,SmallPickupTrucks2WD,0,0
676,2.9,4,M5,35.2582,NaturallyAspirated,5,0,0,TwoWheelDriveRear,2,2,SmallPickupTrucks2WD,0,0
677,3.7,5,A4,31.8467,NaturallyAspirated,4,1,0,TwoWheelDriveRear,2,2,SmallPickupTrucks2WD,0,0
678,5.3,8,A4,27.9,NaturallyAspirated,4,1,0,TwoWheelDriveRear,1,1,SmallPickupTrucks2WD,1,0
679,3.7,5,A4,27.0,NaturallyAspirated,4,1,0,TwoWheelDriveRear,2,2,SmallPickupTrucks2WD,0,0
680,2.9,4,A4,34.3,NaturallyAspirated,4,1,0,TwoWheelDriveRear,2,2,SmallPickupTrucks2WD,0,0
681,2.9,4,M5,35.5,NaturallyAspirated,5,0,0,TwoWheelDriveRear,2,2,SmallPickupTrucks2WD,0,0
682,3.7,5,A4,31.6,NaturallyAspirated,4,1,0,TwoWheelDriveRear,2,2,SmallPickupTrucks2WD,0,0
683,5.3,8,A4,27.9,NaturallyAspirated,4,1,0,TwoWheelDriveRear,1,1,SmallPickupTrucks2WD,1,0
684,2.5,4,A5,30.1688,NaturallyAspirated,5,1,0,TwoWheelDriveRear,2,2,SmallPickupTrucks2WD,1,0
685,2.5,4,M5,31.7,NaturallyAspirated,5,0,0,TwoWheelDriveRear,2,2,SmallPickupTrucks2WD,1,0
686,4.0,6,A5,27.7366,NaturallyAspirated,5,1,0,TwoWheelDriveRear,2,2,SmallPickupTrucks2WD,1,0
687,4.0,6,M6,27.5894,NaturallyAspirated,6,0,0,TwoWheelDriveRear,2,2,SmallPickupTrucks2WD,1,0
688,2.5,4,A5,30.2,NaturallyAspirated,5,1,0,TwoWheelDriveRear,2,2,SmallPickupTrucks2WD,1,0
689,2.5,4,M5,31.8,NaturallyAspirated,5,0,0,TwoWheelDriveRear,2,2,SmallPickupTrucks2WD,1,0
690,4.0,6,A5,27.7857,NaturallyAspirated,5,1,0,TwoWheelDriveRear,2,2,SmallPickupTrucks2WD,1,0
691,2.7,4,A4,35.4291,NaturallyAspirated,4,1,0,TwoWheelDriveRear,2,2,SmallPickupTrucks2WD,1,0
692,2.7,4,M5,36.1463,NaturallyAspirated,5,0,0,TwoWheelDriveRear,2,2,SmallPickupTrucks2WD,1,0
693,4.0,6,A5,29.2,NaturallyAspirated,5,1,0,TwoWheelDriveRear,2,2,SmallPickupTrucks2WD,1,0
694,4.0,6,M6,25.3,NaturallyAspirated,6,0,0,TwoWheelDriveRear,2,2,SmallPickupTrucks2WD,1,0
695,2.9,4,A4,32.4,NaturallyAspirated,4,1,0,FourWheelDrive,2,2,SmallPickupTrucks4WD,0,0
696,2.9,4,M5,34.1,NaturallyAspirated,5,0,0,FourWheelDrive,2,2,SmallPickupTrucks4WD,0,0
697,3.7,5,A4,31.4112,NaturallyAspirated,4,1,0,FourWheelDrive,2,2,SmallPickupTrucks4WD,0,0
698,5.3,8,A4,26.6,NaturallyAspirated,4,1,0,FourWheelDrive,1,1,SmallPickupTrucks4WD,1,0
699,3.7,5,A4,29.7999,NaturallyAspirated,4,1,0,FourWheelDrive,2,2,SmallPickupTrucks4WD,0,0
700,3.7,5,A4,29.7999,NaturallyAspirated,4,1,0,FourWheelDrive,2,2,SmallPickupTrucks4WD,0,0
701,5.3,8,A4,26.6,NaturallyAspirated,4,1,0,FourWheelDrive,1,1,SmallPickupTrucks4WD,1,0
702,4.0,6,M5,26.2,NaturallyAspirated,5,0,1,FourWheelDrive,1,1,SmallPickupTrucks4WD,0,0
703,4.0,6,A5,24.6648,NaturallyAspirated,5,1,1,FourWheelDrive,1,1,SmallPickupTrucks4WD,0,0
704,2.9,4,A4,32.4,NaturallyAspirated,4,1,0,FourWheelDrive,2,2,SmallPickupTrucks4WD,0,0
705,2.9,4,M5,34.1,NaturallyAspirated,5,0,0,FourWheelDrive,2,2,SmallPickupTrucks4WD,0,0
706,3.7,5,A4,31.3858,NaturallyAspirated,4,1,0,FourWheelDrive,2,2,SmallPickupTrucks4WD,0,0
707,5.3,8,A4,26.6,NaturallyAspirated,4,1,0,FourWheelDrive,1,1,SmallPickupTrucks4WD,1,0
708,3.7,5,A4,29.7999,NaturallyAspirated,4,1,0,FourWheelDrive,2,2,SmallPickupTrucks4WD,0,0
709,3.7,5,A4,29.7999,NaturallyAspirated,4,1,0,FourWheelDrive,2,2,SmallPickupTrucks4WD,0,0
710,5.3,8,A4,26.6,NaturallyAspirated,4,1,0,FourWheelDrive,1,1,SmallPickupTrucks4WD,1,0
711,4.0,6,M6,26.82,NaturallyAspirated,6,0,0,FourWheelDrive,2,2,SmallPickupTrucks4WD,1,0
712,4.0,6,A5,26.6538,NaturallyAspirated,5,1,0,FourWheelDrive,2,2,SmallPickupTrucks4WD,1,0
713,4.0,6,A5,26.3846,NaturallyAspirated,5,1,0,FourWheelDrive,2,2,SmallPickupTrucks4WD,1,0
714,2.7,4,M5,30.3,NaturallyAspirated,5,0,0,ParttimeFourWheelDrive,2,2,SmallPickupTrucks4WD,1,0
715,4.0,6,A5,28.3,NaturallyAspirated,5,1,0,ParttimeFourWheelDrive,2,2,SmallPickupTrucks4WD,1,0
716,4.0,6,M6,24.4,NaturallyAspirated,6,0,0,ParttimeFourWheelDrive,2,2,SmallPickupTrucks4WD,1,0
717,4.3,6,A4,27.8055,NaturallyAspirated,4,1,0,TwoWheelDriveRear,1,1,StandardPickupTrucks2WD,0,0
718,4.8,8,A4,26.2283,NaturallyAspirated,4,1,0,TwoWheelDriveRear,1,1,StandardPickupTrucks2WD,1,0
719,5.3,8,A6,29.3708,NaturallyAspirated,6,1,0,TwoWheelDriveRear,1,1,StandardPickupTrucks2WD,1,0
720,6.2,8,A6,26.1,NaturallyAspirated,6,1,0,TwoWheelDriveRear,1,1,StandardPickupTrucks2WD,1,0
721,6.0,8,AV,30.5,NaturallyAspirated,1,0,0,TwoWheelDriveRear,1,1,StandardPickupTrucks2WD,1,0
722,5.3,8,A6,30.4,NaturallyAspirated,6,1,0,TwoWheelDriveRear,1,1,StandardPickupTrucks2WD,1,0
723,3.7,6,A4,28.1,NaturallyAspirated,4,1,0,TwoWheelDriveRear,1,1,StandardPickupTrucks2WD,0,0
724,4.7,8,A5,25.6,NaturallyAspirated,5,1,0,TwoWheelDriveRear,1,1,StandardPickupTrucks2WD,0,0
725,3.7,6,A4,27.8,NaturallyAspirated,4,1,0,TwoWheelDriveRear,1,1,StandardPickupTrucks2WD,0,0
726,4.7,8,A5,25.6,NaturallyAspirated,5,1,0,TwoWheelDriveRear,1,1,StandardPickupTrucks2WD,0,0
727,5.7,8,A5,27.1,NaturallyAspirated,5,1,0,TwoWheelDriveRear,1,1,StandardPickupTrucks2WD,1,0
728,4.0,6,A5,27.8,NaturallyAspirated,5,1,1,TwoWheelDriveRear,1,1,StandardPickupTrucks2WD,0,0
729,4.6,8,A6,29.0,NaturallyAspirated,6,1,1,TwoWheelDriveRear,2,1,StandardPickupTrucks2WD,0,0
730,5.4,8,A6,27.0426,NaturallyAspirated,6,1,0,TwoWheelDriveRear,2,1,StandardPickupTrucks2WD,0,0
731,4.6,8,A4,26.7829,NaturallyAspirated,4,1,0,TwoWheelDriveRear,1,1,StandardPickupTrucks2WD,0,0
732,4.6,8,A6,28.4633,NaturallyAspirated,6,1,1,TwoWheelDriveRear,2,1,StandardPickupTrucks2WD,0,0
733,4.3,6,A4,27.8522,NaturallyAspirated,4,1,0,TwoWheelDriveRear,1,1,StandardPickupTrucks2WD,0,0
734,4.8,8,A4,26.2125,NaturallyAspirated,4,1,0,TwoWheelDriveRear,1,1,StandardPickupTrucks2WD,1,0
735,5.3,8,A6,29.3645,NaturallyAspirated,6,1,0,TwoWheelDriveRear,1,1,StandardPickupTrucks2WD,1,0
736,6.2,8,A6,26.1,NaturallyAspirated,6,1,0,TwoWheelDriveRear,1,1,StandardPickupTrucks2WD,1,0
737,6.0,8,AV,30.5,NaturallyAspirated,1,0,0,TwoWheelDriveRear,1,1,StandardPickupTrucks2WD,1,0
738,5.3,8,A6,30.4,NaturallyAspirated,6,1,0,TwoWheelDriveRear,1,1,StandardPickupTrucks2WD,1,0
739,5.6,8,A5,24.9815,NaturallyAspirated,5,1,0,TwoWheelDriveRear,2,2,StandardPickupTrucks2WD,1,0
740,5.6,8,A5,25.0089,NaturallyAspirated,5,1,0,TwoWheelDriveRear,2,2,StandardPickupTrucks2WD,1,0
741,4.0,6,S5,25.7499,NaturallyAspirated,5,1,0,TwoWheelDriveRear,2,2,StandardPickupTrucks2WD,1,0
742,4.6,8,S6,28.0212,NaturallyAspirated,6,1,0,TwoWheelDriveRear,2,2,StandardPickupTrucks2WD,1,0
743,5.7,8,S6,25.5551,NaturallyAspirated,6,1,0,TwoWheelDriveRear,2,2,StandardPickupTrucks2WD,1,0
744,4.3,6,A4,24.1937,NaturallyAspirated,4,1,0,FourWheelDrive,1,1,StandardPickupTrucks4WD,0,0
745,4.8,8,A4,24.1496,NaturallyAspirated,4,1,0,FourWheelDrive,1,1,StandardPickupTrucks4WD,1,0
746,5.3,8,A6,29.0205,NaturallyAspirated,6,1,0,FourWheelDrive,1,1,StandardPickupTrucks4WD,1,0
747,6.2,8,A6,25.7999,NaturallyAspirated,6,1,0,FourWheelDrive,1,1,StandardPickupTrucks4WD,1,0
748,6.0,8,AV,30.2999,NaturallyAspirated,1,0,0,FourWheelDrive,1,1,StandardPickupTrucks4WD,1,0
749,3.7,6,A4,24.4,NaturallyAspirated,4,1,0,FourWheelDrive,1,1,StandardPickupTrucks4WD,0,0
750,4.7,8,A5,25.6,NaturallyAspirated,5,1,0,FourWheelDrive,1,1,StandardPickupTrucks4WD,0,0
751,4.7,8,A5,24.5,NaturallyAspirated,5,1,0,FourWheelDrive,1,1,StandardPickupTrucks4WD,1,0
752,5.7,8,A5,25.4,NaturallyAspirated,5,1,0,FourWheelDrive,1,1,StandardPickupTrucks4WD,1,0
753,4.0,6,A5,25.7535,NaturallyAspirated,5,1,1,FourWheelDrive,1,1,StandardPickupTrucks4WD,0,0
754,4.6,8,A6,26.6622,NaturallyAspirated,6,1,1,FourWheelDrive,2,1,StandardPickupTrucks4WD,0,0
755,5.4,8,A6,24.7939,NaturallyAspirated,6,1,0,FourWheelDrive,2,1,StandardPickupTrucks4WD,0,0
756,4.6,8,A6,27.1061,NaturallyAspirated,6,1,0,FourWheelDrive,2,1,StandardPickupTrucks4WD,0,0
757,4.6,8,A4,25.2298,NaturallyAspirated,4,1,0,FourWheelDrive,1,1,StandardPickupTrucks4WD,0,0
758,4.3,6,A4,24.1937,NaturallyAspirated,4,1,0,FourWheelDrive,1,1,StandardPickupTrucks4WD,0,0
759,4.8,8,A4,24.1534,NaturallyAspirated,4,1,0,FourWheelDrive,1,1,StandardPickupTrucks4WD,1,0
760,5.3,8,A6,29.0185,NaturallyAspirated,6,1,0,FourWheelDrive,1,1,StandardPickupTrucks4WD,1,0
761,6.2,8,A6,25.8026,NaturallyAspirated,6,1,0,FourWheelDrive,1,1,StandardPickupTrucks4WD,1,0
762,6.0,8,AV,30.2999,NaturallyAspirated,1,0,0,FourWheelDrive,1,1,StandardPickupTrucks4WD,1,0
763,6.2,8,A6,25.7999,NaturallyAspirated,6,1,0,AllWheelDrive,1,1,StandardPickupTrucks4WD,1,0
764,3.5,6,A5,28.2,NaturallyAspirated,5,1,0,AllWheelDrive,2,2,StandardPickupTrucks4WD,1,1
765,3.7,5,M5,25.2,NaturallyAspirated,5,0,0,FourWheelDrive,2,2,StandardPickupTrucks4WD,0,0
766,3.7,5,A4,25.1,NaturallyAspirated,4,1,0,FourWheelDrive,2,2,StandardPickupTrucks4WD,0,0
767,5.3,8,A4,22.2999,NaturallyAspirated,4,1,0,FourWheelDrive,1,1,StandardPickupTrucks4WD,1,0
768,5.6,8,A5,23.061,NaturallyAspirated,5,1,0,FourWheelDrive,2,2,StandardPickupTrucks4WD,1,0
769,5.6,8,A5,23.1109,NaturallyAspirated,5,1,0,FourWheelDrive,2,2,StandardPickupTrucks4WD,1,0
770,4.6,8,S6,26.2295,NaturallyAspirated,6,1,0,ParttimeFourWheelDrive,2,2,StandardPickupTrucks4WD,1,0
771,5.7,8,S6,23.4318,NaturallyAspirated,6,1,0,ParttimeFourWheelDrive,2,2,StandardPickupTrucks4WD,1,0
772,5.7,8,S6,23.9993,NaturallyAspirated,6,1,0,ParttimeFourWheelDrive,2,2,StandardPickupTrucks4WD,1,0
773,4.3,6,A4,27.6,NaturallyAspirated,4,1,0,TwoWheelDriveRear,1,1,VansCargoTypes,0,0
774,5.3,8,A4,24.2999,NaturallyAspirated,4,1,0,TwoWheelDriveRear,1,1,VansCargoTypes,1,0
775,5.3,8,A4,23.2999,NaturallyAspirated,4,1,0,TwoWheelDriveRear,1,1,VansCargoTypes,1,0
776,5.3,8,A4,22.7619,NaturallyAspirated,4,1,0,AllWheelDrive,1,1,VansCargoTypes,1,0
777,5.3,8,A4,22.9,NaturallyAspirated,4,1,0,AllWheelDrive,1,1,VansCargoTypes,1,0
778,4.3,6,A4,27.6,NaturallyAspirated,4,1,0,TwoWheelDriveRear,1,1,VansCargoTypes,0,0
779,5.3,8,A4,24.2999,NaturallyAspirated,4,1,0,TwoWheelDriveRear,1,1,VansCargoTypes,1,0
780,5.3,8,A4,23.2999,NaturallyAspirated,4,1,0,TwoWheelDriveRear,1,1,VansCargoTypes,1,0
781,5.3,8,A4,22.7619,NaturallyAspirated,4,1,0,AllWheelDrive,1,1,VansCargoTypes,1,0
782,5.3,8,A4,22.9,NaturallyAspirated,4,1,0,AllWheelDrive,1,1,VansCargoTypes,1,0
783,5.3,8,A4,23.2999,NaturallyAspirated,4,1,0,TwoWheelDriveRear,1,1,VansPassengerType,1,0
784,5.3,8,A4,22.9,NaturallyAspirated,4,1,0,AllWheelDrive,1,1,VansPassengerType,1,0
785,5.3,8,A4,23.2999,NaturallyAspirated,4,1,0,TwoWheelDriveRear,1,1,VansPassengerType,1,0
786,5.3,8,A4,22.9,NaturallyAspirated,4,1,0,AllWheelDrive,1,1,VansPassengerType,1,0
787,2.0,4,A4,35.0,NaturallyAspirated,4,1,1,TwoWheelDriveFront,2,2,Other,0,0
788,3.3,6,A4,33.0988,NaturallyAspirated,4,1,0,TwoWheelDriveFront,1,1,SpecialPurposeVehicleminivan2WD,0,0
789,3.8,6,A6,31.9,NaturallyAspirated,6,1,0,TwoWheelDriveFront,1,1,SpecialPurposeVehicleminivan2WD,0,0
790,4.0,6,A6,35.2,NaturallyAspirated,6,1,0,TwoWheelDriveFront,2,2,SpecialPurposeVehicleminivan2WD,0,0
791,3.3,6,A4,33.0988,NaturallyAspirated,4,1,0,TwoWheelDriveFront,1,1,SpecialPurposeVehicleminivan2WD,0,0
792,3.8,6,A6,31.9,NaturallyAspirated,6,1,0,TwoWheelDriveFront,1,1,SpecialPurposeVehicleminivan2WD,0,0
793,4.0,6,A6,35.2,NaturallyAspirated,6,1,0,TwoWheelDriveFront,2,2,SpecialPurposeVehicleminivan2WD,0,0
794,3.5,6,A5,35.5,NaturallyAspirated,5,1,0,TwoWheelDriveFront,2,2,SpecialPurposeVehicleminivan2WD,1,0
795,3.5,6,A5,32.4,NaturallyAspirated,5,1,0,TwoWheelDriveFront,2,2,SpecialPurposeVehicleminivan2WD,1,0
796,3.8,6,A5,32.4,NaturallyAspirated,5,1,0,TwoWheelDriveFront,2,2,SpecialPurposeVehicleminivan2WD,1,0
797,3.8,6,A5,32.4,NaturallyAspirated,5,1,0,TwoWheelDriveFront,2,2,SpecialPurposeVehicleminivan2WD,1,0
798,2.3,4,M5,39.2,NaturallyAspirated,5,0,0,TwoWheelDriveFront,2,2,SpecialPurposeVehicleminivan2WD,1,0
799,2.3,4,S5,38.1,NaturallyAspirated,5,1,0,TwoWheelDriveFront,2,2,SpecialPurposeVehicleminivan2WD,1,0
800,3.5,6,A5,34.0,NaturallyAspirated,5,1,0,TwoWheelDriveFront,2,2,SpecialPurposeVehicleminivan2WD,1,0
801,3.8,6,A6,31.9,NaturallyAspirated,6,1,0,TwoWheelDriveFront,1,1,SpecialPurposeVehicleminivan2WD,0,0
802,4.0,6,A6,35.2,NaturallyAspirated,6,1,0,TwoWheelDriveFront,2,2,SpecialPurposeVehicleminivan2WD,0,0
803,3.5,6,A5,29.2,NaturallyAspirated,5,1,0,AllWheelDrive,2,2,Other,1,0
804,2.3,4,S5,34.4,Turbocharged,5,1,0,TwoWheelDriveFront,2,2,SpecialPurposeVehicleSUV2WD,1,1
805,3.6,6,A6,33.0,NaturallyAspirated,6,1,0,TwoWheelDriveFront,2,2,SpecialPurposeVehicleSUV2WD,1,0
806,6.2,8,A6,28.4,NaturallyAspirated,6,1,0,TwoWheelDriveRear,1,1,SpecialPurposeVehicleSUV2WD,1,0
807,6.0,8,AV,30.5,NaturallyAspirated,1,0,0,TwoWheelDriveRear,1,1,SpecialPurposeVehicleSUV2WD,1,0
808,6.2,8,A6,28.4,NaturallyAspirated,6,1,0,TwoWheelDriveRear,1,1,SpecialPurposeVehicleSUV2WD,1,0
809,3.0,6,S6,34.5,NaturallyAspirated,6,1,0,TwoWheelDriveFront,2,2,SpecialPurposeVehicleSUV2WD,1,0
810,5.3,8,A6,28.9935,NaturallyAspirated,6,1,0,TwoWheelDriveRear,1,1,SpecialPurposeVehicleSUV2WD,1,0
811,6.2,8,A6,26.0,NaturallyAspirated,6,1,0,TwoWheelDriveRear,1,1,SpecialPurposeVehicleSUV2WD,1,0
812,5.3,8,A6,28.9935,NaturallyAspirated,6,1,0,TwoWheelDriveRear,1,1,SpecialPurposeVehicleSUV2WD,1,0
813,6.2,8,A6,26.0,NaturallyAspirated,6,1,0,TwoWheelDriveRear,1,1,SpecialPurposeVehicleSUV2WD,1,0
814,5.3,8,A6,28.9935,NaturallyAspirated,6,1,0,TwoWheelDriveRear,1,1,SpecialPurposeVehicleSUV2WD,1,0
815,6.0,8,AV,30.5,NaturallyAspirated,1,0,0,TwoWheelDriveRear,1,1,SpecialPurposeVehicleSUV2WD,1,0
816,2.4,4,A6,45.1,NaturallyAspirated,6,1,0,TwoWheelDriveFront,2,2,SpecialPurposeVehicleSUV2WD,1,0
817,3.0,6,A6,34.5482,NaturallyAspirated,6,1,0,TwoWheelDriveFront,2,2,SpecialPurposeVehicleSUV2WD,1,0
818,2.0,4,A4,40.3,Turbocharged,4,1,0,TwoWheelDriveFront,2,2,SpecialPurposeVehicleSUV2WD,1,0
819,2.0,4,M5,40.6,Turbocharged,5,0,0,TwoWheelDriveFront,2,2,SpecialPurposeVehicleSUV2WD,1,0
820,2.2,4,A4,42.3991,NaturallyAspirated,4,1,0,TwoWheelDriveFront,2,2,SpecialPurposeVehicleSUV2WD,1,0
821,2.2,4,M5,44.9991,NaturallyAspirated,5,0,0,TwoWheelDriveFront,2,2,SpecialPurposeVehicleSUV2WD,1,0
822,2.4,4,M5,41.9,NaturallyAspirated,5,0,0,TwoWheelDriveFront,2,2,SpecialPurposeVehicleSUV2WD,1,0
823,2.4,4,A4,41.5,NaturallyAspirated,4,1,0,TwoWheelDriveFront,2,2,SpecialPurposeVehicleSUV2WD,1,0
824,2.2,4,A4,42.3991,NaturallyAspirated,4,1,0,TwoWheelDriveFront,2,2,SpecialPurposeVehicleSUV2WD,1,0
825,2.2,4,M5,44.9991,NaturallyAspirated,5,0,0,TwoWheelDriveFront,2,2,SpecialPurposeVehicleSUV2WD,1,0
826,2.4,4,M5,41.9,NaturallyAspirated,5,0,0,TwoWheelDriveFront,2,2,SpecialPurposeVehicleSUV2WD,1,0
827,2.4,4,A4,41.5,NaturallyAspirated,4,1,0,TwoWheelDriveFront,2,2,SpecialPurposeVehicleSUV2WD,1,0
828,3.6,6,A6,33.0,NaturallyAspirated,6,1,0,TwoWheelDriveFront,2,2,SpecialPurposeVehicleSUV2WD,1,0
829,2.4,4,A4,34.1,NaturallyAspirated,4,1,0,TwoWheelDriveFront,2,2,SpecialPurposeVehicleSUV2WD,0,0
830,2.4,4,A4,35.0,NaturallyAspirated,4,1,0,TwoWheelDriveFront,2,2,SpecialPurposeVehicleSUV2WD,1,0
831,3.5,6,A6,33.2,NaturallyAspirated,6,1,0,TwoWheelDriveFront,2,2,SpecialPurposeVehicleSUV2WD,0,0
832,3.7,6,A4,30.5,NaturallyAspirated,4,1,0,TwoWheelDriveRear,1,1,SpecialPurposeVehicleSUV2WD,0,0
833,4.0,6,A5,29.4,NaturallyAspirated,5,1,0,TwoWheelDriveRear,2,2,SpecialPurposeVehicleSUV2WD,0,0
834,3.5,6,A6,34.2,NaturallyAspirated,6,1,1,TwoWheelDriveFront,2,2,SpecialPurposeVehicleSUV2WD,0,0
835,2.5,4,A6,39.2,NaturallyAspirated,6,1,0,TwoWheelDriveFront,2,2,SpecialPurposeVehicleSUV2WD,1,0
836,2.5,4,M5,38.6,NaturallyAspirated,5,0,0,TwoWheelDriveFront,2,2,SpecialPurposeVehicleSUV2WD,1,0
837,3.0,6,A6,34.8,NaturallyAspirated,6,1,0,TwoWheelDriveFront,2,2,SpecialPurposeVehicleSUV2WD,1,0
838,2.5,4,AV,42.9,NaturallyAspirated,1,0,0,TwoWheelDriveFront,2,2,SpecialPurposeVehicleSUV2WD,1,0
839,5.4,8,A6,27.0,NaturallyAspirated,6,1,0,TwoWheelDriveRear,2,1,SpecialPurposeVehicleSUV2WD,0,0
840,4.0,6,A5,27.8,NaturallyAspirated,5,1,1,TwoWheelDriveRear,1,1,SpecialPurposeVehicleSUV2WD,0,0
841,4.6,8,A6,29.0,NaturallyAspirated,6,1,1,TwoWheelDriveRear,2,1,SpecialPurposeVehicleSUV2WD,0,0
842,3.5,6,A6,34.2,NaturallyAspirated,6,1,1,TwoWheelDriveFront,2,2,SpecialPurposeVehicleSUV2WD,0,0
843,3.6,6,A6,33.0,NaturallyAspirated,6,1,0,TwoWheelDriveFront,2,2,SpecialPurposeVehicleSUV2WD,1,0
844,5.3,8,A6,28.9935,NaturallyAspirated,6,1,0,TwoWheelDriveRear,1,1,SpecialPurposeVehicleSUV2WD,1,0
845,6.2,8,A6,28.4,NaturallyAspirated,6,1,0,TwoWheelDriveRear,1,1,SpecialPurposeVehicleSUV2WD,1,0
846,6.0,8,AV,30.5,NaturallyAspirated,1,0,0,TwoWheelDriveRear,1,1,SpecialPurposeVehicleSUV2WD,1,0
847,5.3,8,A6,28.9935,NaturallyAspirated,6,1,0,TwoWheelDriveRear,1,1,SpecialPurposeVehicleSUV2WD,1,0
848,6.2,8,A6,28.4,NaturallyAspirated,6,1,0,TwoWheelDriveRear,1,1,SpecialPurposeVehicleSUV2WD,1,0
849,6.2,8,A6,26.0,NaturallyAspirated,6,1,0,TwoWheelDriveRear,1,1,SpecialPurposeVehicleSUV2WD,1,0
850,2.4,4,A6,45.1,NaturallyAspirated,6,1,0,TwoWheelDriveFront,2,2,SpecialPurposeVehicleSUV2WD,1,0
851,3.0,6,A6,34.5482,NaturallyAspirated,6,1,0,TwoWheelDriveFront,2,2,SpecialPurposeVehicleSUV2WD,1,0
852,3.5,6,A5,38.3,NaturallyAspirated,5,1,0,TwoWheelDriveFront,2,2,SpecialPurposeVehicleSUV2WD,1,1
853,2.4,4,A5,39.2,NaturallyAspirated,5,1,0,TwoWheelDriveFront,2,2,SpecialPurposeVehicleSUV2WD,1,1
854,2.4,4,A5,34.3,NaturallyAspirated,5,1,0,TwoWheelDriveFront,2,2,SpecialPurposeVehicleSUV2WD,1,1
855,2.4,4,M5,31.9,NaturallyAspirated,5,0,0,TwoWheelDriveFront,2,2,SpecialPurposeVehicleSUV2WD,1,1
856,3.5,6,A5,31.9475,NaturallyAspirated,5,1,0,TwoWheelDriveFront,2,2,SpecialPurposeVehicleSUV2WD,1,1
857,2.4,4,A6,38.6,NaturallyAspirated,6,1,0,TwoWheelDriveFront,2,2,SpecialPurposeVehicleSUV2WD,1,0
858,2.4,4,M6,36.7,NaturallyAspirated,6,0,0,TwoWheelDriveFront,2,2,SpecialPurposeVehicleSUV2WD,1,0
859,3.5,6,A6,36.4,NaturallyAspirated,6,1,0,TwoWheelDriveFront,2,2,SpecialPurposeVehicleSUV2WD,1,0
860,2.4,4,M6,41.6,NaturallyAspirated,6,0,0,TwoWheelDriveFront,2,2,SpecialPurposeVehicleSUV2WD,1,0
861,2.4,4,A6,43.2286,NaturallyAspirated,6,1,0,TwoWheelDriveFront,2,2,SpecialPurposeVehicleSUV2WD,1,0
862,3.8,6,A6,32.5,NaturallyAspirated,6,1,0,TwoWheelDriveFront,2,2,SpecialPurposeVehicleSUV2WD,1,0
863,3.5,6,S7,31.4961,NaturallyAspirated,7,1,0,TwoWheelDriveRear,2,2,SpecialPurposeVehicleSUV2WD,1,0
864,5.6,8,A5,24.2,NaturallyAspirated,5,1,0,TwoWheelDriveRear,2,2,SpecialPurposeVehicleSUV2WD,1,0
865,3.7,6,A5,27.2,NaturallyAspirated,5,1,0,TwoWheelDriveRear,1,1,SpecialPurposeVehicleSUV2WD,0,0
866,5.7,8,A5,27.1,NaturallyAspirated,5,1,0,TwoWheelDriveRear,1,1,SpecialPurposeVehicleSUV2WD,1,0
867,2.0,4,M5,40.2397,NaturallyAspirated,5,0,0,TwoWheelDriveFront,2,2,SpecialPurposeVehicleSUV2WD,1,0
868,2.0,4,AV,38.0,NaturallyAspirated,1,1,0,TwoWheelDriveFront,2,2,SpecialPurposeVehicleSUV2WD,1,0
869,2.4,4,M5,39.2,NaturallyAspirated,5,0,0,TwoWheelDriveFront,2,2,SpecialPurposeVehicleSUV2WD,1,0
870,2.4,4,AV,34.7,NaturallyAspirated,1,1,0,TwoWheelDriveFront,2,2,SpecialPurposeVehicleSUV2WD,1,0
871,3.7,6,A5,28.8,NaturallyAspirated,5,1,0,TwoWheelDriveRear,1,1,SpecialPurposeVehicleSUV2WD,0,0
872,5.7,8,A5,27.1,NaturallyAspirated,5,1,0,TwoWheelDriveRear,1,1,SpecialPurposeVehicleSUV2WD,1,0
873,3.7,6,A4,30.5,NaturallyAspirated,4,1,0,TwoWheelDriveRear,1,1,SpecialPurposeVehicleSUV2WD,0,0
874,2.0,4,M5,40.2397,NaturallyAspirated,5,0,0,TwoWheelDriveFront,2,2,SpecialPurposeVehicleSUV2WD,1,0
875,2.0,4,AV,38.0,NaturallyAspirated,1,1,0,TwoWheelDriveFront,2,2,SpecialPurposeVehicleSUV2WD,1,0
876,2.4,4,M5,39.2,NaturallyAspirated,5,0,0,TwoWheelDriveFront,2,2,SpecialPurposeVehicleSUV2WD,1,0
877,2.4,4,AV,34.7,NaturallyAspirated,1,1,0,TwoWheelDriveFront,2,2,SpecialPurposeVehicleSUV2WD,1,0
878,3.8,6,A4,28.2,NaturallyAspirated,4,1,0,TwoWheelDriveRear,1,1,SpecialPurposeVehicleSUV2WD,0,0
879,3.8,6,A5,29.5,NaturallyAspirated,5,1,0,TwoWheelDriveRear,2,2,SpecialPurposeVehicleSUV2WD,1,0
880,4.6,8,A6,29.9,NaturallyAspirated,6,1,0,TwoWheelDriveRear,2,2,SpecialPurposeVehicleSUV2WD,1,0
881,2.0,4,A4,34.5,NaturallyAspirated,4,1,0,TwoWheelDriveFront,2,2,SpecialPurposeVehicleSUV2WD,1,0
882,2.0,4,M5,35.3,NaturallyAspirated,5,0,0,TwoWheelDriveFront,2,2,SpecialPurposeVehicleSUV2WD,1,0
883,2.7,6,A4,32.7,NaturallyAspirated,4,1,0,TwoWheelDriveFront,2,2,SpecialPurposeVehicleSUV2WD,0,0
884,3.5,6,S6,34.5,NaturallyAspirated,6,1,0,TwoWheelDriveFront,2,2,SpecialPurposeVehicleSUV2WD,1,0
885,3.5,6,AVS6,39.0959,NaturallyAspirated,1,0,0,TwoWheelDriveFront,2,2,SpecialPurposeVehicleSUV2WD,1,0
886,3.5,6,S6,32.2,NaturallyAspirated,6,1,1,TwoWheelDriveFront,2,2,SpecialPurposeVehicleSUV2WD,1,0
887,3.5,6,A6,34.2,NaturallyAspirated,6,1,1,TwoWheelDriveFront,2,2,SpecialPurposeVehicleSUV2WD,0,0
888,5.4,8,A6,27.0,NaturallyAspirated,6,1,0,TwoWheelDriveRear,2,1,SpecialPurposeVehicleSUV2WD,0,0
889,2.3,4,S6,34.7,Turbocharged,6,1,0,TwoWheelDriveFront,2,2,SpecialPurposeVehicleSUV2WD,1,0
890,2.5,4,S5,38.6,NaturallyAspirated,5,1,0,TwoWheelDriveFront,2,2,SpecialPurposeVehicleSUV2WD,1,0
891,3.7,6,S6,30.5,NaturallyAspirated,6,1,0,TwoWheelDriveFront,2,2,SpecialPurposeVehicleSUV2WD,1,0
892,2.5,4,M5,38.6,NaturallyAspirated,5,0,0,TwoWheelDriveFront,2,2,SpecialPurposeVehicleSUV2WD,1,0
893,2.5,4,A6,39.2,NaturallyAspirated,6,1,0,TwoWheelDriveFront,2,2,SpecialPurposeVehicleSUV2WD,1,0
894,3.0,6,A6,34.8,NaturallyAspirated,6,1,0,TwoWheelDriveFront,2,2,SpecialPurposeVehicleSUV2WD,1,0
895,2.5,4,AV,42.9,NaturallyAspirated,1,0,0,TwoWheelDriveFront,2,2,SpecialPurposeVehicleSUV2WD,1,0
896,3.5,6,A7,30.6,NaturallyAspirated,7,1,0,TwoWheelDriveRear,2,2,SpecialPurposeVehicleSUV2WD,1,0
897,3.5,6,A7,28.7,NaturallyAspirated,7,1,0,TwoWheelDriveRear,2,2,SpecialPurposeVehicleSUV2WD,1,0
898,2.5,4,A6,39.2,NaturallyAspirated,6,1,0,TwoWheelDriveFront,2,2,SpecialPurposeVehicleSUV2WD,1,0
899,3.0,6,A6,34.8,NaturallyAspirated,6,1,1,TwoWheelDriveFront,2,2,SpecialPurposeVehicleSUV2WD,1,0
900,2.5,4,AV,42.9,NaturallyAspirated,1,0,0,TwoWheelDriveFront,2,2,SpecialPurposeVehicleSUV2WD,1,0
901,4.0,6,A5,27.8,NaturallyAspirated,5,1,1,TwoWheelDriveRear,1,1,SpecialPurposeVehicleSUV2WD,0,0
902,4.6,8,A6,29.0,NaturallyAspirated,6,1,1,TwoWheelDriveRear,2,1,SpecialPurposeVehicleSUV2WD,0,0
903,2.4,4,AVS6,37.9764,NaturallyAspirated,1,0,0,TwoWheelDriveFront,2,2,SpecialPurposeVehicleSUV2WD,1,0
904,3.0,6,S6,35.2887,NaturallyAspirated,6,1,0,TwoWheelDriveFront,2,2,SpecialPurposeVehicleSUV2WD,0,1
905,3.8,6,S4,29.8099,NaturallyAspirated,4,1,0,TwoWheelDriveFront,2,2,SpecialPurposeVehicleSUV2WD,0,1
906,5.6,8,A5,24.9477,NaturallyAspirated,5,1,0,TwoWheelDriveRear,2,2,SpecialPurposeVehicleSUV2WD,1,0
907,5.6,8,A5,25.1952,NaturallyAspirated,5,1,0,TwoWheelDriveRear,2,2,SpecialPurposeVehicleSUV2WD,1,0
908,3.5,6,AV,32.4076,NaturallyAspirated,1,1,0,TwoWheelDriveFront,2,2,SpecialPurposeVehicleSUV2WD,1,0
909,4.0,6,S5,29.9,NaturallyAspirated,5,1,0,TwoWheelDriveRear,2,2,SpecialPurposeVehicleSUV2WD,1,0
910,4.0,6,A5,30.9375,NaturallyAspirated,5,1,0,TwoWheelDriveRear,2,2,SpecialPurposeVehicleSUV2WD,1,0
911,2.5,4,AV,38.0299,NaturallyAspirated,1,1,0,TwoWheelDriveFront,2,2,SpecialPurposeVehicleSUV2WD,1,0
912,4.0,6,M6,28.0488,NaturallyAspirated,6,0,0,TwoWheelDriveRear,2,2,SpecialPurposeVehicleSUV2WD,1,0
913,4.0,6,A5,28.6549,NaturallyAspirated,5,1,0,TwoWheelDriveRear,2,2,SpecialPurposeVehicleSUV2WD,1,0
914,3.6,6,A6,33.0,NaturallyAspirated,6,1,0,TwoWheelDriveFront,2,2,SpecialPurposeVehicleSUV2WD,1,0
915,2.4,4,A4,37.0,NaturallyAspirated,4,1,0,TwoWheelDriveFront,2,2,SpecialPurposeVehicleSUV2WD,1,0
916,3.6,6,A6,33.0,NaturallyAspirated,6,1,0,TwoWheelDriveFront,2,2,SpecialPurposeVehicleSUV2WD,1,0
917,3.6,6,S6,33.2,NaturallyAspirated,6,1,0,TwoWheelDriveFront,2,2,SpecialPurposeVehicleSUV2WD,1,0
918,2.4,4,A4,45.3,NaturallyAspirated,4,1,0,TwoWheelDriveFront,2,2,SpecialPurposeVehicleSUV2WD,1,0
919,2.4,4,M5,35.8103,NaturallyAspirated,5,0,0,TwoWheelDriveRear,2,2,SpecialPurposeVehicleSUV2WD,1,0
920,2.4,4,A4,34.2831,NaturallyAspirated,4,1,0,TwoWheelDriveRear,2,2,SpecialPurposeVehicleSUV2WD,1,0
921,3.2,6,A5,33.7628,NaturallyAspirated,5,1,0,TwoWheelDriveRear,2,2,SpecialPurposeVehicleSUV2WD,1,0
922,2.7,4,A4,31.7,NaturallyAspirated,4,1,0,TwoWheelDriveRear,2,2,SpecialPurposeVehicleSUV2WD,1,0
923,4.0,6,S5,31.4,NaturallyAspirated,5,1,0,TwoWheelDriveRear,2,2,SpecialPurposeVehicleSUV2WD,1,0
924,4.0,6,A5,30.2,NaturallyAspirated,5,1,0,TwoWheelDriveRear,2,2,SpecialPurposeVehicleSUV2WD,1,0
925,2.7,4,S6,37.8,NaturallyAspirated,6,1,0,TwoWheelDriveFront,2,2,SpecialPurposeVehicleSUV2WD,1,0
926,3.5,6,S5,33.1,NaturallyAspirated,5,1,0,TwoWheelDriveFront,2,2,SpecialPurposeVehicleSUV2WD,1,0
927,2.5,4,A4,39.7,NaturallyAspirated,4,1,0,TwoWheelDriveFront,2,2,SpecialPurposeVehicleSUV2WD,1,0
928,3.5,6,A5,37.3499,NaturallyAspirated,5,1,0,TwoWheelDriveFront,2,2,SpecialPurposeVehicleSUV2WD,1,0
929,4.6,8,S6,26.5484,NaturallyAspirated,6,1,0,TwoWheelDriveRear,2,2,SpecialPurposeVehicleSUV2WD,1,0
930,5.7,8,S6,25.6179,NaturallyAspirated,6,1,0,TwoWheelDriveRear,2,2,SpecialPurposeVehicleSUV2WD,1,0
931,2.7,4,S6,40.6,NaturallyAspirated,6,1,0,TwoWheelDriveFront,2,2,SpecialPurposeVehicleSUV2WD,1,0
932,3.5,6,S6,36.6,NaturallyAspirated,6,1,0,TwoWheelDriveFront,2,2,SpecialPurposeVehicleSUV2WD,1,0
933,2.0,4,S6,34.1,Turbocharged,6,0,0,TwoWheelDriveFront,2,2,SpecialPurposeVehicleSUV2WD,1,0
934,2.0,4,M6,36.2,Turbocharged,6,0,0,TwoWheelDriveFront,2,2,SpecialPurposeVehicleSUV2WD,1,0
935,3.2,6,S6,36.4,NaturallyAspirated,6,1,0,TwoWheelDriveFront,2,2,SpecialPurposeVehicleSUV2WD,1,0
936,3.2,6,S6,29.7,NaturallyAspirated,6,1,0,TwoWheelDriveFront,2,2,SpecialPurposeVehicleSUV2WD,1,0
937,3.5,6,S6,28.7,NaturallyAspirated,6,1,0,AllWheelDrive,2,2,SpecialPurposeVehicleSUV4WD,1,1
938,2.3,4,S5,31.9,Turbocharged,5,1,0,AllWheelDrive,2,2,SpecialPurposeVehicleSUV4WD,1,1
939,3.7,6,S6,31.6,NaturallyAspirated,6,1,0,AllWheelDrive,2,2,SpecialPurposeVehicleSUV4WD,1,1
940,3.2,6,S6,30.7,NaturallyAspirated,6,0,0,AllWheelDrive,2,2,SpecialPurposeVehicleSUV4WD,1,1
941,3.0,6,S6,33.2,Turbocharged,6,0,0,AllWheelDrive,2,2,SpecialPurposeVehicleSUV4WD,0,0
942,3.6,6,S6,26.1066,NaturallyAspirated,6,0,0,AllWheelDrive,2,2,SpecialPurposeVehicleSUV4WD,1,0
943,4.2,8,S6,24.6,NaturallyAspirated,6,1,0,AllWheelDrive,2,2,SpecialPurposeVehicleSUV4WD,1,0
944,4.4,8,S7,26.6,Turbocharged,7,1,0,AllWheelDrive,2,2,SpecialPurposeVehicleSUV4WD,1,0
945,3.0,6,S6,33.0,NaturallyAspirated,6,1,0,AllWheelDrive,2,2,SpecialPurposeVehicleSUV4WD,1,1
946,3.0,6,M6,33.6,NaturallyAspirated,6,0,0,AllWheelDrive,2,2,SpecialPurposeVehicleSUV4WD,1,1
947,3.0,6,S6,29.6,NaturallyAspirated,6,1,0,AllWheelDrive,2,2,SpecialPurposeVehicleSUV4WD,1,1
948,3.0,6,S6,36.559,Turbocharged,6,1,0,AllWheelDrive,2,2,SpecialPurposeVehicleSUV4WD,0,0
949,4.8,8,S6,26.7946,NaturallyAspirated,6,1,0,AllWheelDrive,2,2,SpecialPurposeVehicleSUV4WD,1,1
950,4.4,8,S6,23.1521,Turbocharged,6,1,0,AllWheelDrive,2,2,SpecialPurposeVehicleSUV4WD,1,0
951,3.0,6,S6,29.5,Turbocharged,6,1,0,AllWheelDrive,2,2,SpecialPurposeVehicleSUV4WD,1,0
952,4.4,8,S6,24.9,Turbocharged,6,1,0,AllWheelDrive,2,2,SpecialPurposeVehicleSUV4WD,1,0
953,4.4,8,S6,23.1521,Turbocharged,6,1,0,AllWheelDrive,2,2,SpecialPurposeVehicleSUV4WD,1,0
954,3.6,6,A6,30.9,NaturallyAspirated,6,1,0,FourWheelDrive,2,2,SpecialPurposeVehicleSUV4WD,1,0
955,6.2,8,A6,27.4,NaturallyAspirated,6,1,0,AllWheelDrive,1,1,SpecialPurposeVehicleSUV4WD,1,0
956,2.8,6,S6,30.2993,Turbocharged,6,1,0,AllWheelDrive,2,2,SpecialPurposeVehicleSUV4WD,1,0
957,3.0,6,S6,31.3,NaturallyAspirated,6,1,0,AllWheelDrive,2,2,SpecialPurposeVehicleSUV4WD,1,0
958,2.4,4,A6,40.3,NaturallyAspirated,6,1,0,AllWheelDrive,2,2,SpecialPurposeVehicleSUV4WD,1,0
959,3.0,6,A6,33.1,NaturallyAspirated,6,1,0,AllWheelDrive,2,2,SpecialPurposeVehicleSUV4WD,1,0
960,5.3,8,A6,29.0,NaturallyAspirated,6,1,0,FourWheelDrive,1,1,SpecialPurposeVehicleSUV4WD,1,0
961,6.0,8,AV,30.2999,NaturallyAspirated,1,0,0,FourWheelDrive,1,1,SpecialPurposeVehicleSUV4WD,1,0
962,3.6,6,A6,31.6,NaturallyAspirated,6,1,0,AllWheelDrive,2,2,SpecialPurposeVehicleSUV4WD,1,0
963,3.5,6,A6,31.9,NaturallyAspirated,6,1,0,AllWheelDrive,2,2,SpecialPurposeVehicleSUV4WD,0,0
964,3.7,6,A4,28.5,NaturallyAspirated,4,1,0,FourWheelDrive,1,1,SpecialPurposeVehicleSUV4WD,0,0
965,4.0,6,A5,28.4,NaturallyAspirated,5,1,0,FourWheelDrive,2,2,SpecialPurposeVehicleSUV4WD,0,0
966,3.5,6,A6,31.4,NaturallyAspirated,6,1,1,AllWheelDrive,2,2,SpecialPurposeVehicleSUV4WD,0,0
967,2.5,4,A6,36.0307,NaturallyAspirated,6,1,0,FourWheelDrive,2,2,SpecialPurposeVehicleSUV4WD,1,0
968,3.0,6,A6,31.3917,NaturallyAspirated,6,1,0,FourWheelDrive,2,2,SpecialPurposeVehicleSUV4WD,1,0
969,2.5,4,AV,37.9,NaturallyAspirated,1,0,0,FourWheelDrive,2,2,SpecialPurposeVehicleSUV4WD,1,0
970,5.4,8,A6,23.8983,NaturallyAspirated,6,1,1,FourWheelDrive,2,1,SpecialPurposeVehicleSUV4WD,0,0
971,4.0,6,A5,25.7535,NaturallyAspirated,5,1,1,FourWheelDrive,1,1,SpecialPurposeVehicleSUV4WD,0,0
972,4.6,8,A6,26.6622,NaturallyAspirated,6,1,1,FourWheelDrive,2,1,SpecialPurposeVehicleSUV4WD,0,0
973,3.5,6,A6,30.3805,NaturallyAspirated,6,1,1,AllWheelDrive,2,2,SpecialPurposeVehicleSUV4WD,0,0
974,3.5,6,S6,30.2,Turbocharged,6,1,1,FourWheelDrive,2,2,SpecialPurposeVehicleSUV4WD,1,0
975,3.6,6,A6,31.6,NaturallyAspirated,6,1,0,AllWheelDrive,2,2,SpecialPurposeVehicleSUV4WD,1,0
976,5.3,8,A6,29.0,NaturallyAspirated,6,1,0,FourWheelDrive,1,1,SpecialPurposeVehicleSUV4WD,1,0
977,6.0,8,AV,30.2999,NaturallyAspirated,1,0,0,FourWheelDrive,1,1,SpecialPurposeVehicleSUV4WD,1,0
978,6.2,8,A6,27.4,NaturallyAspirated,6,1,0,AllWheelDrive,1,1,SpecialPurposeVehicleSUV4WD,1,0
979,2.4,4,A6,40.3,NaturallyAspirated,6,1,0,AllWheelDrive,2,2,SpecialPurposeVehicleSUV4WD,1,0
980,3.0,6,A6,33.1,NaturallyAspirated,6,1,0,AllWheelDrive,2,2,SpecialPurposeVehicleSUV4WD,1,0
981,3.5,6,A5,34.6,NaturallyAspirated,5,1,0,AllWheelDrive,2,2,SpecialPurposeVehicleSUV4WD,1,1
982,2.4,4,A5,37.7098,NaturallyAspirated,5,1,0,AllWheelDrive,2,2,SpecialPurposeVehicleSUV4WD,1,1
983,2.4,4,M5,31.3,NaturallyAspirated,5,0,0,AllWheelDrive,2,2,SpecialPurposeVehicleSUV4WD,1,1
984,2.4,4,A5,33.5,NaturallyAspirated,5,1,0,AllWheelDrive,2,2,SpecialPurposeVehicleSUV4WD,1,1
985,3.5,6,A5,30.5,NaturallyAspirated,5,1,0,AllWheelDrive,2,2,SpecialPurposeVehicleSUV4WD,1,1
986,3.7,5,M5,25.2,NaturallyAspirated,5,0,0,FourWheelDrive,2,2,SpecialPurposeVehicleSUV4WD,0,0
987,3.7,5,A4,25.1,NaturallyAspirated,4,1,0,FourWheelDrive,2,2,SpecialPurposeVehicleSUV4WD,0,0
988,5.3,8,A4,22.2999,NaturallyAspirated,4,1,0,FourWheelDrive,1,1,SpecialPurposeVehicleSUV4WD,1,0
989,2.4,4,A6,37.6,NaturallyAspirated,6,1,0,FourWheelDrive,2,2,SpecialPurposeVehicleSUV4WD,1,0
990,3.5,6,A6,36.0,NaturallyAspirated,6,1,0,FourWheelDrive,2,2,SpecialPurposeVehicleSUV4WD,1,0
991,2.4,4,A6,39.2041,NaturallyAspirated,6,1,0,FourWheelDrive,2,2,SpecialPurposeVehicleSUV4WD,1,0
992,2.4,4,M6,38.6,NaturallyAspirated,6,0,0,FourWheelDrive,2,2,SpecialPurposeVehicleSUV4WD,1,0
993,3.8,6,A6,31.1,NaturallyAspirated,6,1,0,FourWheelDrive,2,2,SpecialPurposeVehicleSUV4WD,1,0
994,3.5,6,S7,29.7734,NaturallyAspirated,7,1,0,AllWheelDrive,2,2,SpecialPurposeVehicleSUV4WD,1,0
995,5.0,8,S7,27.2511,NaturallyAspirated,7,1,0,AllWheelDrive,2,2,SpecialPurposeVehicleSUV4WD,1,1
996,5.6,8,A5,23.6,NaturallyAspirated,5,1,0,FourWheelDrive,2,2,SpecialPurposeVehicleSUV4WD,1,0
997,3.7,6,A5,26.6,NaturallyAspirated,5,1,0,FourWheelDrive,1,1,SpecialPurposeVehicleSUV4WD,0,0
998,5.7,8,A5,26.0,NaturallyAspirated,5,1,0,FourWheelDrive,1,1,SpecialPurposeVehicleSUV4WD,1,0
999,2.4,4,M5,38.6,NaturallyAspirated,5,0,0,FourWheelDrive,2,2,SpecialPurposeVehicleSUV4WD,1,0
1000,2.4,4,AV,33.6,NaturallyAspirated,1,1,0,FourWheelDrive,2,2,SpecialPurposeVehicleSUV4WD,1,0
1001,3.7,6,A5,27.5,NaturallyAspirated,5,1,0,FourWheelDrive,1,1,SpecialPurposeVehicleSUV4WD,0,0
1002,5.7,8,A5,26.0,NaturallyAspirated,5,1,0,FourWheelDrive,1,1,SpecialPurposeVehicleSUV4WD,1,0
1003,6.1,8,A5,20.9,NaturallyAspirated,5,1,0,FourWheelDrive,1,1,SpecialPurposeVehicleSUV4WD,0,0
1004,3.7,6,A4,28.5,NaturallyAspirated,4,1,0,FourWheelDrive,1,1,SpecialPurposeVehicleSUV4WD,0,0
1005,2.4,4,M5,38.6,NaturallyAspirated,5,0,0,FourWheelDrive,2,2,SpecialPurposeVehicleSUV4WD,1,0
1006,2.4,4,AV,33.6,NaturallyAspirated,1,1,0,FourWheelDrive,2,2,SpecialPurposeVehicleSUV4WD,1,0
1007,2.4,4,AV,33.6,NaturallyAspirated,1,1,0,FourWheelDrive,2,2,SpecialPurposeVehicleSUV4WD,1,0
1008,3.8,6,M6,26.163,NaturallyAspirated,6,1,0,FourWheelDrive,1,1,SpecialPurposeVehicleSUV4WD,0,0
1009,3.8,6,A4,26.5632,NaturallyAspirated,4,1,0,FourWheelDrive,1,1,SpecialPurposeVehicleSUV4WD,0,0
1010,3.8,6,A5,29.2986,NaturallyAspirated,5,1,0,FourWheelDrive,2,2,SpecialPurposeVehicleSUV4WD,1,0
1011,4.6,8,A6,28.4,NaturallyAspirated,6,1,0,FourWheelDrive,2,2,SpecialPurposeVehicleSUV4WD,1,0
1012,2.0,4,M5,33.4,NaturallyAspirated,5,0,0,FourWheelDrive,2,2,SpecialPurposeVehicleSUV4WD,1,0
1013,2.7,6,A4,31.3,NaturallyAspirated,4,1,0,FourWheelDrive,2,2,SpecialPurposeVehicleSUV4WD,0,0
1014,3.2,6,S6,30.347,NaturallyAspirated,6,1,0,FourWheelDrive,2,2,SpecialPurposeVehicleSUV4WD,1,1
1015,5.0,8,S6,23.8204,NaturallyAspirated,6,1,0,FourWheelDrive,2,2,SpecialPurposeVehicleSUV4WD,1,1
1016,5.0,8,S6,24.5722,Supercharged,6,1,0,FourWheelDrive,2,2,SpecialPurposeVehicleSUV4WD,1,0
1017,5.0,8,S6,25.5082,NaturallyAspirated,6,1,0,FourWheelDrive,2,2,SpecialPurposeVehicleSUV4WD,1,1
1018,5.0,8,S6,23.5743,Supercharged,6,1,0,FourWheelDrive,2,2,SpecialPurposeVehicleSUV4WD,1,0
1019,5.0,8,S6,24.7928,NaturallyAspirated,6,1,0,FourWheelDrive,2,2,SpecialPurposeVehicleSUV4WD,1,1
1020,4.6,8,S6,28.3,NaturallyAspirated,6,1,0,FourWheelDrive,2,2,SpecialPurposeVehicleSUV4WD,1,0
1021,5.7,8,S6,24.1491,NaturallyAspirated,6,1,0,FourWheelDrive,2,2,SpecialPurposeVehicleSUV4WD,1,0
1022,3.5,6,S6,33.7937,NaturallyAspirated,6,1,0,AllWheelDrive,2,2,SpecialPurposeVehicleSUV4WD,1,0
1023,3.5,6,AVS6,38.7193,NaturallyAspirated,1,0,0,AllWheelDrive,2,2,SpecialPurposeVehicleSUV4WD,1,0
1024,3.5,6,S6,29.9849,NaturallyAspirated,6,1,1,FourWheelDrive,2,2,SpecialPurposeVehicleSUV4WD,1,0
1025,3.5,6,S6,30.2,Turbocharged,6,1,1,FourWheelDrive,2,2,SpecialPurposeVehicleSUV4WD,1,0
1026,3.5,6,A6,31.4,NaturallyAspirated,6,1,1,AllWheelDrive,2,2,SpecialPurposeVehicleSUV4WD,0,0
1027,2.3,4,S6,31.7,Turbocharged,6,1,0,FourWheelDrive,2,2,SpecialPurposeVehicleSUV4WD,1,0
1028,3.7,6,S6,28.7,NaturallyAspirated,6,1,0,FourWheelDrive,2,2,SpecialPurposeVehicleSUV4WD,1,0
1029,2.5,4,A6,37.0,NaturallyAspirated,6,1,0,FourWheelDrive,2,2,SpecialPurposeVehicleSUV4WD,1,0
1030,3.0,6,A6,32.1,NaturallyAspirated,6,1,0,FourWheelDrive,2,2,SpecialPurposeVehicleSUV4WD,1,0
1031,2.5,4,AV,37.9,NaturallyAspirated,1,0,0,FourWheelDrive,2,2,SpecialPurposeVehicleSUV4WD,1,0
1032,5.4,8,A5,20.7,Supercharged,5,1,0,FourWheelDrive,2,1,SpecialPurposeVehicleSUV4WD,1,0
1033,5.5,8,A7,20.1,NaturallyAspirated,7,1,0,FourWheelDrive,2,2,SpecialPurposeVehicleSUV4WD,1,0
1034,3.0,6,A7,31.5,Turbocharged,7,1,0,FourWheelDrive,2,2,SpecialPurposeVehicleSUV4WD,1,0
1035,4.7,8,A7,23.8,NaturallyAspirated,7,1,0,FourWheelDrive,2,2,SpecialPurposeVehicleSUV4WD,1,0
1036,5.5,8,A7,23.2,NaturallyAspirated,7,1,0,FourWheelDrive,2,2,SpecialPurposeVehicleSUV4WD,1,0
1037,3.5,6,A7,28.6683,NaturallyAspirated,7,1,0,FourWheelDrive,2,2,SpecialPurposeVehicleSUV4WD,1,0
1038,3.5,6,A7,27.3,NaturallyAspirated,7,1,0,FourWheelDrive,2,2,SpecialPurposeVehicleSUV4WD,1,0
1039,3.0,6,A7,34.4,Turbocharged,7,1,0,FourWheelDrive,2,2,SpecialPurposeVehicleSUV4WD,1,0
1040,5.5,8,A7,24.6,NaturallyAspirated,7,1,0,FourWheelDrive,2,2,SpecialPurposeVehicleSUV4WD,1,0
1041,6.3,8,A7,19.7,NaturallyAspirated,7,1,0,FourWheelDrive,2,2,SpecialPurposeVehicleSUV4WD,1,0
1042,3.5,6,AV,33.7,NaturallyAspirated,8,0,0,FourWheelDrive,2,2,SpecialPurposeVehicleSUV4WD,1,0
1043,3.5,6,A7,25.8,NaturallyAspirated,7,1,0,FourWheelDrive,2,2,SpecialPurposeVehicleSUV4WD,1,0
1044,3.0,6,A7,33.3,Turbocharged,7,1,0,FourWheelDrive,2,2,SpecialPurposeVehicleSUV4WD,1,0
1045,2.5,4,A6,36.0307,NaturallyAspirated,6,1,0,FourWheelDrive,2,2,SpecialPurposeVehicleSUV4WD,1,0
1046,3.0,6,A6,31.3917,NaturallyAspirated,6,1,0,FourWheelDrive,2,2,SpecialPurposeVehicleSUV4WD,1,0
1047,2.5,4,AV,37.9,NaturallyAspirated,1,0,0,FourWheelDrive,2,2,SpecialPurposeVehicleSUV4WD,1,0
1048,4.0,6,A5,25.7535,NaturallyAspirated,5,1,1,FourWheelDrive,1,1,SpecialPurposeVehicleSUV4WD,0,0
1049,4.6,8,A6,26.6622,NaturallyAspirated,6,1,1,FourWheelDrive,2,1,SpecialPurposeVehicleSUV4WD,0,0
1050,2.4,4,AVS6,35.2418,NaturallyAspirated,1,0,0,FourWheelDrive,2,2,SpecialPurposeVehicleSUV4WD,1,0
1051,3.0,6,S6,32.9548,NaturallyAspirated,6,1,0,FourWheelDrive,2,2,SpecialPurposeVehicleSUV4WD,0,1
1052,3.8,6,S4,26.9,NaturallyAspirated,4,1,0,AllWheelDrive,2,2,SpecialPurposeVehicleSUV4WD,0,1
1053,5.6,8,A5,24.1924,NaturallyAspirated,5,1,0,FourWheelDrive,2,2,SpecialPurposeVehicleSUV4WD,1,0
1054,5.6,8,A5,24.1491,NaturallyAspirated,5,1,0,FourWheelDrive,2,2,SpecialPurposeVehicleSUV4WD,1,0
1055,3.5,6,AV,31.7082,NaturallyAspirated,1,1,0,AllWheelDrive,2,2,SpecialPurposeVehicleSUV4WD,1,0
1056,4.0,6,A5,27.234,NaturallyAspirated,5,1,0,FourWheelDrive,2,2,SpecialPurposeVehicleSUV4WD,1,0
1057,5.6,8,S5,24.2996,NaturallyAspirated,5,1,0,FourWheelDrive,2,2,SpecialPurposeVehicleSUV4WD,1,0
1058,2.5,4,AV,35.8606,NaturallyAspirated,1,1,0,AllWheelDrive,2,2,SpecialPurposeVehicleSUV4WD,1,0
1059,4.0,6,M6,27.1846,NaturallyAspirated,6,0,0,FourWheelDrive,2,2,SpecialPurposeVehicleSUV4WD,1,0
1060,4.0,6,A5,27.5665,NaturallyAspirated,5,1,0,FourWheelDrive,2,2,SpecialPurposeVehicleSUV4WD,1,0
1061,3.6,6,A6,27.5811,NaturallyAspirated,6,1,0,AllWheelDrive,2,2,SpecialPurposeVehicleSUV4WD,1,1
1062,3.6,6,M6,28.1127,NaturallyAspirated,6,0,0,AllWheelDrive,2,2,SpecialPurposeVehicleSUV4WD,1,1
1063,4.8,8,A6,25.56,NaturallyAspirated,6,1,0,AllWheelDrive,2,2,SpecialPurposeVehicleSUV4WD,1,1
1064,4.8,8,M6,23.578000000000007,NaturallyAspirated,6,0,0,AllWheelDrive,2,2,SpecialPurposeVehicleSUV4WD,1,1
1065,4.8,8,A6,26.388,NaturallyAspirated,6,1,0,AllWheelDrive,2,2,SpecialPurposeVehicleSUV4WD,1,1
1066,4.8,8,M6,23.578000000000007,NaturallyAspirated,6,0,0,AllWheelDrive,2,2,SpecialPurposeVehicleSUV4WD,1,1
1067,4.8,8,A6,25.7761,Turbocharged,6,1,0,AllWheelDrive,2,2,SpecialPurposeVehicleSUV4WD,1,1
1068,4.8,8,A6,25.7761,Turbocharged,6,1,0,AllWheelDrive,2,2,SpecialPurposeVehicleSUV4WD,1,1
1069,4.8,8,A6,25.7761,Turbocharged,6,1,0,AllWheelDrive,2,2,SpecialPurposeVehicleSUV4WD,1,1
1070,3.6,6,A6,31.6,NaturallyAspirated,6,1,0,AllWheelDrive,2,2,SpecialPurposeVehicleSUV4WD,1,0
1071,3.5,6,A6,32.2,NaturallyAspirated,6,1,0,FourWheelDrive,1,1,SpecialPurposeVehicleSUV4WD,1,0
1072,3.6,6,A6,32.1,NaturallyAspirated,6,1,0,FourWheelDrive,2,2,SpecialPurposeVehicleSUV4WD,1,0
1073,3.6,6,S6,32.6,NaturallyAspirated,6,1,0,FourWheelDrive,2,2,SpecialPurposeVehicleSUV4WD,1,0
1074,2.5,4,M5,37.071,NaturallyAspirated,5,0,0,AllWheelDrive,2,2,SpecialPurposeVehicleSUV4WD,0,1
1075,2.5,4,S4,35.9226,NaturallyAspirated,4,1,0,AllWheelDrive,2,2,SpecialPurposeVehicleSUV4WD,0,1
1076,2.5,4,S4,32.9103,Turbocharged,4,1,0,AllWheelDrive,2,2,SpecialPurposeVehicleSUV4WD,1,0
1077,2.5,4,AV,40.0816,NaturallyAspirated,1,1,0,AllWheelDrive,2,2,SpecialPurposeVehicleSUV4WD,0,1
1078,2.5,4,M6,37.0574,NaturallyAspirated,6,0,0,AllWheelDrive,2,2,SpecialPurposeVehicleSUV4WD,0,1
1079,3.6,6,S5,34.2708,NaturallyAspirated,5,1,0,AllWheelDrive,2,2,SpecialPurposeVehicleSUV4WD,0,1
1080,3.6,6,S5,29.5,NaturallyAspirated,5,1,0,AllWheelDrive,2,2,SpecialPurposeVehicleSUV4WD,0,1
1081,2.4,4,M5,34.2513,NaturallyAspirated,5,0,0,FourWheelDrive,2,2,SpecialPurposeVehicleSUV4WD,1,0
1082,2.4,4,A4,32.2765,NaturallyAspirated,4,1,0,FourWheelDrive,2,2,SpecialPurposeVehicleSUV4WD,1,0
1083,3.2,6,A5,32.2747,NaturallyAspirated,5,1,0,FourWheelDrive,2,2,SpecialPurposeVehicleSUV4WD,1,0
1084,4.0,6,S5,30.0,NaturallyAspirated,5,1,0,FourWheelDrive,2,2,SpecialPurposeVehicleSUV4WD,1,0
1085,4.0,6,S5,30.0,NaturallyAspirated,5,1,0,ParttimeFourWheelDrive,2,2,SpecialPurposeVehicleSUV4WD,1,0
1086,4.0,6,A5,28.9182,NaturallyAspirated,5,1,0,ParttimeFourWheelDrive,2,2,SpecialPurposeVehicleSUV4WD,1,0
1087,4.0,6,M6,26.8137,NaturallyAspirated,6,0,0,FourWheelDrive,2,2,SpecialPurposeVehicleSUV4WD,1,0
1088,3.5,6,S5,31.3,NaturallyAspirated,5,1,0,AllWheelDrive,2,2,SpecialPurposeVehicleSUV4WD,1,0
1089,3.3,6,AV,34.9989,NaturallyAspirated,1,0,0,AllWheelDrive,2,2,SpecialPurposeVehicleSUV4WD,1,0
1090,5.7,8,S6,24.7491,NaturallyAspirated,6,1,0,FourWheelDrive,2,2,SpecialPurposeVehicleSUV4WD,1,0
1091,2.5,4,A4,38.3778,NaturallyAspirated,4,1,0,AllWheelDrive,2,2,SpecialPurposeVehicleSUV4WD,1,0
1092,3.5,6,A5,35.7494,NaturallyAspirated,5,1,0,AllWheelDrive,2,2,SpecialPurposeVehicleSUV4WD,1,0
1093,4.6,8,S6,24.8718,NaturallyAspirated,6,1,0,ParttimeFourWheelDrive,2,2,SpecialPurposeVehicleSUV4WD,1,0
1094,5.7,8,S6,24.5,NaturallyAspirated,6,1,0,ParttimeFourWheelDrive,2,2,SpecialPurposeVehicleSUV4WD,1,0
1095,5.7,8,S6,24.2206,NaturallyAspirated,6,1,0,ParttimeFourWheelDrive,2,2,SpecialPurposeVehicleSUV4WD,1,0
1096,2.7,4,S6,38.7,NaturallyAspirated,6,1,0,AllWheelDrive,2,2,SpecialPurposeVehicleSUV4WD,1,0
1097,3.5,6,S6,35.0,NaturallyAspirated,6,1,0,AllWheelDrive,2,2,SpecialPurposeVehicleSUV4WD,1,0
1098,2.0,4,S6,33.3,Turbocharged,6,0,0,AllWheelDrive,2,2,SpecialPurposeVehicleSUV4WD,1,0
1099,3.0,6,S6,34.4,Turbocharged,6,0,0,AllWheelDrive,2,2,SpecialPurposeVehicleSUV4WD,0,0
1100,3.6,6,S6,26.1066,NaturallyAspirated,6,0,0,AllWheelDrive,2,2,SpecialPurposeVehicleSUV4WD,1,0
1101,3.0,6,S6,29.7892,Turbocharged,6,1,0,AllWheelDrive,2,2,SpecialPurposeVehicleSUV4WD,1,0
1102,3.2,6,S6,30.4926,NaturallyAspirated,6,1,0,AllWheelDrive,2,2,SpecialPurposeVehicleSUV4WD,1,0
1103,3.0,6,S6,29.7892,Turbocharged,6,1,0,AllWheelDrive,2,2,SpecialPurposeVehicleSUV4WD,1,0
1104,3.2,6,S6,30.4926,NaturallyAspirated,6,1,0,AllWheelDrive,2,2,SpecialPurposeVehicleSUV4WD,1,0
1105,3.2,6,S6,29.7431,NaturallyAspirated,6,1,0,AllWheelDrive,2,2,SpecialPurposeVehicleSUV4WD,1,0
1106,4.4,8,S6,26.2,NaturallyAspirated,6,1,0,AllWheelDrive,2,2,SpecialPurposeVehicleSUV4WD,1,0
